"2013-01-29 05:23:42,476",Suite,Test,# Threads,Phase,Action,Thread,Duration (ms),# Executions,# Deadlocks,Executions/s,Deadlocks/s,Avg Exec Time (ms),Avg Resp Time (ms),StdDev Resp Time (ms),Min Resp Time (ms),Max Resp Time (ms)
"2013-01-29 05:23:42,476",LMPI Parallel Query Test Suite,Create Library & Index Segment Test,1,RUN,Choice,Aggregated,852,1,0,1.17370892,0,852,851.992481,0,851.992481,851.992481
"2013-01-29 05:23:42,477",LMPI Parallel Query Test Suite,Create Library & Index Segment Test,1,RUN,Choice,ST-0.0-[Choice],852,1,0,1.17370892,0,852,851.992481,0,851.992481,851.992481
"2013-01-30 01:53:58,511",Suite,Test,# Threads,Phase,Action,Thread,Duration (ms),# Executions,# Deadlocks,Executions/s,Deadlocks/s,Avg Exec Time (ms),Avg Resp Time (ms),StdDev Resp Time (ms),Min Resp Time (ms),Max Resp Time (ms)
"2013-01-30 01:53:58,513",LMPI Parallel Query Test Suite,Create Library & Index Segment Test,1,RUN,Choice,Aggregated,1363,1,0,0.733675715,0,1363,1363.294416,0,1363.294416,1363.294416
"2013-01-30 01:53:58,513",LMPI Parallel Query Test Suite,Create Library & Index Segment Test,1,RUN,Choice,ST-0.0-[Choice],1363,1,0,0.733675715,0,1363,1363.294416,0,1363.294416,1363.294416
,,,,,,,,,,,,,,,,
"2013-01-29 06:36:34,466",Suite,Test,# Threads,Phase,Action,Thread,Duration (ms),# Executions,# Deadlocks,Executions/s,Deadlocks/s,Avg Exec Time (ms),Avg Resp Time (ms),StdDev Resp Time (ms),Min Resp Time (ms),Max Resp Time (ms)
"2013-01-29 06:36:34,474",LMPI Parallel Query Test Suite,Document Ingest Test,1,RUN,Import Document,Aggregated,4361707,100000,0,22.92680366,0,43.61707,43.61320072,0,2.966784,5127.100671
"2013-01-29 06:36:34,474",LMPI Parallel Query Test Suite,Document Ingest Test,1,RUN,Import Document,ST-0.0-[Import Document],4361707,100000,0,22.92680366,0,43.61707,43.61320072,123.2094154,2.966784,5127.100671
"2013-01-30 03:08:06,886",Suite,Test,# Threads,Phase,Action,Thread,Duration (ms),# Executions,# Deadlocks,Executions/s,Deadlocks/s,Avg Exec Time (ms),Avg Resp Time (ms),StdDev Resp Time (ms),Min Resp Time (ms),Max Resp Time (ms)
"2013-01-30 03:08:06,886",LMPI Parallel Query Test Suite,Document Ingest Test,1,RUN,Import Document,Aggregated,4444149,100000,0,22.50149579,0,44.44149,44.43708864,0,2.980512,5016.621651
"2013-01-30 03:08:06,886",LMPI Parallel Query Test Suite,Document Ingest Test,1,RUN,Import Document,ST-0.0-[Import Document],4444149,100000,0,22.50149579,0,44.44149,44.43708864,125.463616,2.980512,5016.621651
,,,,,,,,,,,,,,,,
"2013-01-29 06:41:34,796",Suite,Test,# Threads,Phase,Action,Thread,Duration (ms),# Executions,# Deadlocks,Executions/s,Deadlocks/s,Avg Exec Time (ms),Avg Resp Time (ms),StdDev Resp Time (ms),Min Resp Time (ms),Max Resp Time (ms)
"2013-01-29 06:41:34,796",LMPI Parallel Query Test Suite,xQuery Test by :cs_q601_para,1,WARMUP,Execute Query,Aggregated,291987,1000,0,3.424810009,0,291.987,291.9725808,0,59.830326,4916.11124
"2013-01-29 06:41:34,796",LMPI Parallel Query Test Suite,xQuery Test by :cs_q601_para,1,WARMUP,Execute Query,ST-0.0-[Execute Query],291987,1000,0,3.424810009,0,291.987,291.9725808,274.253835,59.830326,4916.11124
"2013-01-29 06:42:50,227",LMPI Parallel Query Test Suite,xQuery Test by :cs_q601_para,1,RUN,Execute Query,Aggregated,73990,1000,0,13.51533991,0,73.99,73.97521757,0,52.748262,527.155455
"2013-01-29 06:42:50,228",LMPI Parallel Query Test Suite,xQuery Test by :cs_q601_para,1,RUN,Execute Query,ST-0.0-[Execute Query],73990,1000,0,13.51533991,0,73.99,73.97521757,30.70596698,52.748262,527.155455
"2013-01-30 03:13:35,408",Suite,Test,# Threads,Phase,Action,Thread,Duration (ms),# Executions,# Deadlocks,Executions/s,Deadlocks/s,Avg Exec Time (ms),Avg Resp Time (ms),StdDev Resp Time (ms),Min Resp Time (ms),Max Resp Time (ms)
"2013-01-30 03:13:35,418",LMPI Parallel Query Test Suite,xQuery Test by :cs_q401,1,WARMUP,Execute Query,Aggregated,320977,1000,0,3.115488026,0,320.977,320.9632587,0,117.557322,6769.740469
"2013-01-30 03:13:35,418",LMPI Parallel Query Test Suite,xQuery Test by :cs_q401,1,WARMUP,Execute Query,ST-0.0-[Execute Query],320977,1000,0,3.115488026,0,320.977,320.9632587,342.6937655,117.557322,6769.740469
"2013-01-30 03:15:53,599",LMPI Parallel Query Test Suite,xQuery Test by :cs_q401,1,RUN,Execute Query,Aggregated,136986,1000,0,7.30001606,0,136.986,136.9731646,0,116.679714,1915.259411
"2013-01-30 03:15:53,599",LMPI Parallel Query Test Suite,xQuery Test by :cs_q401,1,RUN,Execute Query,ST-0.0-[Execute Query],136986,1000,0,7.30001606,0,136.986,136.9731646,78.91216031,116.679714,1915.259411
,,,,,,,,,,,,,,,,
"2013-01-29 06:44:03,080",Suite,Test,# Threads,Phase,Action,Thread,Duration (ms),# Executions,# Deadlocks,Executions/s,Deadlocks/s,Avg Exec Time (ms),Avg Resp Time (ms),StdDev Resp Time (ms),Min Resp Time (ms),Max Resp Time (ms)
"2013-01-29 06:44:03,080",LMPI Parallel Query Test Suite,xQuery Test by :cs_q603_para,1,WARMUP,Execute Query,Aggregated,68187,1000,0,14.66555208,0,68.187,68.17295826,0,57.626593,536.767552
"2013-01-29 06:44:03,080",LMPI Parallel Query Test Suite,xQuery Test by :cs_q603_para,1,WARMUP,Execute Query,ST-0.0-[Execute Query],68187,1000,0,14.66555208,0,68.187,68.17295826,15.82234705,57.626593,536.767552
"2013-01-29 06:45:10,910",LMPI Parallel Query Test Suite,xQuery Test by :cs_q603_para,1,RUN,Execute Query,Aggregated,66759,1000,0,14.97925373,0,66.759,66.74206063,0,62.653828,206.381894
"2013-01-29 06:45:10,910",LMPI Parallel Query Test Suite,xQuery Test by :cs_q603_para,1,RUN,Execute Query,ST-0.0-[Execute Query],66759,1000,0,14.97925373,0,66.759,66.74206063,5.27158948,62.653828,206.381894
"2013-01-30 03:18:03,554",Suite,Test,# Threads,Phase,Action,Thread,Duration (ms),# Executions,# Deadlocks,Executions/s,Deadlocks/s,Avg Exec Time (ms),Avg Resp Time (ms),StdDev Resp Time (ms),Min Resp Time (ms),Max Resp Time (ms)
"2013-01-30 03:18:03,554",LMPI Parallel Query Test Suite,xQuery Test by :cs_q403,1,WARMUP,Execute Query,Aggregated,126864,1000,0,7.882456804,0,126.864,126.8514517,0,114.828609,1197.357258
"2013-01-30 03:18:03,554",LMPI Parallel Query Test Suite,xQuery Test by :cs_q403,1,WARMUP,Execute Query,ST-0.0-[Execute Query],126864,1000,0,7.882456804,0,126.864,126.8514517,62.64460193,114.828609,1197.357258
"2013-01-30 03:20:05,067",LMPI Parallel Query Test Suite,xQuery Test by :cs_q403,1,RUN,Execute Query,Aggregated,120024,1000,0,8.331667,0,120.024,120.0117239,0,114.421779,1627.26845
"2013-01-30 03:20:05,067",LMPI Parallel Query Test Suite,xQuery Test by :cs_q403,1,RUN,Execute Query,ST-0.0-[Execute Query],120024,1000,0,8.331667,0,120.024,120.0117239,49.39030593,114.421779,1627.26845
,,,,,,,,,,,,,,,,
"2013-01-29 06:47:15,723",Suite,Test,# Threads,Phase,Action,Thread,Duration (ms),# Executions,# Deadlocks,Executions/s,Deadlocks/s,Avg Exec Time (ms),Avg Resp Time (ms),StdDev Resp Time (ms),Min Resp Time (ms),Max Resp Time (ms)
"2013-01-29 06:47:15,723",LMPI Parallel Query Test Suite,xQuery Test by :cs_q604_para,1,WARMUP,Execute Query,Aggregated,122098,1000,0,8.190142345,0,122.098,122.0816796,0,76.145034,446.264414
"2013-01-29 06:47:15,723",LMPI Parallel Query Test Suite,xQuery Test by :cs_q604_para,1,WARMUP,Execute Query,ST-0.0-[Execute Query],122098,1000,0,8.190142345,0,122.098,122.0816796,16.69660358,76.145034,446.264414
"2013-01-29 06:49:14,342",LMPI Parallel Query Test Suite,xQuery Test by :cs_q604_para,1,RUN,Execute Query,Aggregated,117515,1000,0,8.509551972,0,117.515,117.4999667,0,108.957429,409.855617
"2013-01-29 06:49:14,342",LMPI Parallel Query Test Suite,xQuery Test by :cs_q604_para,1,RUN,Execute Query,ST-0.0-[Execute Query],117515,1000,0,8.509551972,0,117.515,117.4999667,12.06422391,108.957429,409.855617
"2013-01-30 03:22:50,169",Suite,Test,# Threads,Phase,Action,Thread,Duration (ms),# Executions,# Deadlocks,Executions/s,Deadlocks/s,Avg Exec Time (ms),Avg Resp Time (ms),StdDev Resp Time (ms),Min Resp Time (ms),Max Resp Time (ms)
"2013-01-30 03:22:50,174",LMPI Parallel Query Test Suite,xQuery Test by :cs_q404,1,WARMUP,Execute Query,Aggregated,162417,1000,0,6.156990955,0,162.417,162.4049214,0,138.564878,1094.993591
"2013-01-30 03:22:50,174",LMPI Parallel Query Test Suite,xQuery Test by :cs_q404,1,WARMUP,Execute Query,ST-0.0-[Execute Query],162417,1000,0,6.156990955,0,162.417,162.4049214,48.13049429,138.564878,1094.993591
"2013-01-30 03:25:18,179",LMPI Parallel Query Test Suite,xQuery Test by :cs_q404,1,RUN,Execute Query,Aggregated,147094,1000,0,6.798373829,0,147.094,147.0806171,0,137.548807,2008.042517
"2013-01-30 03:25:18,179",LMPI Parallel Query Test Suite,xQuery Test by :cs_q404,1,RUN,Execute Query,ST-0.0-[Execute Query],147094,1000,0,6.798373829,0,147.094,147.0806171,61.70464954,137.548807,2008.042517
,,,,,,,,,,,,,,,,
"2013-01-29 06:50:18,788",Suite,Test,# Threads,Phase,Action,Thread,Duration (ms),# Executions,# Deadlocks,Executions/s,Deadlocks/s,Avg Exec Time (ms),Avg Resp Time (ms),StdDev Resp Time (ms),Min Resp Time (ms),Max Resp Time (ms)
"2013-01-29 06:50:18,788",LMPI Parallel Query Test Suite,xQuery Test by :cs_q605_para,1,WARMUP,Execute Query,Aggregated,61201,1000,0,16.33960229,0,61.201,61.19183007,0,48.668444,309.676997
"2013-01-29 06:50:18,788",LMPI Parallel Query Test Suite,xQuery Test by :cs_q605_para,1,WARMUP,Execute Query,ST-0.0-[Execute Query],61201,1000,0,16.33960229,0,61.201,61.19183007,9.889086152,48.668444,309.676997
"2013-01-29 06:51:22,868",LMPI Parallel Query Test Suite,xQuery Test by :cs_q605_para,1,RUN,Execute Query,Aggregated,62971,1000,0,15.88032586,0,62.971,62.96193876,0,50.03726,148.179599
"2013-01-29 06:51:22,868",LMPI Parallel Query Test Suite,xQuery Test by :cs_q605_para,1,RUN,Execute Query,ST-0.0-[Execute Query],62971,1000,0,15.88032586,0,62.971,62.96193876,6.718192901,50.03726,148.179599
"2013-01-30 03:27:21,909",Suite,Test,# Threads,Phase,Action,Thread,Duration (ms),# Executions,# Deadlocks,Executions/s,Deadlocks/s,Avg Exec Time (ms),Avg Resp Time (ms),StdDev Resp Time (ms),Min Resp Time (ms),Max Resp Time (ms)
"2013-01-30 03:27:21,909",LMPI Parallel Query Test Suite,xQuery Test by :cs_q405,1,WARMUP,Execute Query,Aggregated,121157,1000,0,8.253753394,0,121.157,121.146493,0,115.995583,683.199343
"2013-01-30 03:27:21,909",LMPI Parallel Query Test Suite,xQuery Test by :cs_q405,1,WARMUP,Execute Query,ST-0.0-[Execute Query],121157,1000,0,8.253753394,0,121.157,121.146493,28.65537502,115.995583,683.199343
"2013-01-30 03:29:23,742",LMPI Parallel Query Test Suite,xQuery Test by :cs_q405,1,RUN,Execute Query,Aggregated,120848,1000,0,8.274857672,0,120.848,120.8377282,0,115.031123,197.051052
"2013-01-30 03:29:23,742",LMPI Parallel Query Test Suite,xQuery Test by :cs_q405,1,RUN,Execute Query,ST-0.0-[Execute Query],120848,1000,0,8.274857672,0,120.848,120.8377282,15.40754146,115.031123,197.051052
,,,,,,,,,,,,,,,,
"2013-01-29 06:52:08,501",Suite,Test,# Threads,Phase,Action,Thread,Duration (ms),# Executions,# Deadlocks,Executions/s,Deadlocks/s,Avg Exec Time (ms),Avg Resp Time (ms),StdDev Resp Time (ms),Min Resp Time (ms),Max Resp Time (ms)
"2013-01-29 06:52:08,501",LMPI Parallel Query Test Suite,xQuery Test by :cs_q607_sort_para,1,WARMUP,Execute Query,Aggregated,42611,1000,0,23.46811856,0,42.611,42.60136162,0,35.728745,157.81866
"2013-01-29 06:52:08,501",LMPI Parallel Query Test Suite,xQuery Test by :cs_q607_sort_para,1,WARMUP,Execute Query,ST-0.0-[Execute Query],42611,1000,0,23.46811856,0,42.611,42.60136162,5.08281949,35.728745,157.81866
"2013-01-29 06:52:53,023",LMPI Parallel Query Test Suite,xQuery Test by :cs_q607_sort_para,1,RUN,Execute Query,Aggregated,43140,1000,0,23.18034307,0,43.14,43.13103781,0,34.358078,85.727795
"2013-01-29 06:52:53,023",LMPI Parallel Query Test Suite,xQuery Test by :cs_q607_sort_para,1,RUN,Execute Query,ST-0.0-[Execute Query],43140,1000,0,23.18034307,0,43.14,43.13103781,4.377872061,34.358078,85.727795
"2013-01-30 03:30:33,157",Suite,Test,# Threads,Phase,Action,Thread,Duration (ms),# Executions,# Deadlocks,Executions/s,Deadlocks/s,Avg Exec Time (ms),Avg Resp Time (ms),StdDev Resp Time (ms),Min Resp Time (ms),Max Resp Time (ms)
"2013-01-30 03:30:33,157",LMPI Parallel Query Test Suite,xQuery Test by :cs_q507,1,WARMUP,Execute Query,Aggregated,66657,1000,0,15.00217532,0,66.657,66.64601177,0,63.316544,529.367103
"2013-01-30 03:30:33,157",LMPI Parallel Query Test Suite,xQuery Test by :cs_q507,1,WARMUP,Execute Query,ST-0.0-[Execute Query],66657,1000,0,15.00217532,0,66.657,66.64601177,18.8554111,63.316544,529.367103
"2013-01-30 03:31:39,528",LMPI Parallel Query Test Suite,xQuery Test by :cs_q507,1,RUN,Execute Query,Aggregated,65062,1000,0,15.36995481,0,65.062,65.0515179,0,62.320199,134.652472
"2013-01-30 03:31:39,528",LMPI Parallel Query Test Suite,xQuery Test by :cs_q507,1,RUN,Execute Query,ST-0.0-[Execute Query],65062,1000,0,15.36995481,0,65.062,65.0515179,7.548639473,62.320199,134.652472
,,,,,,,,,,,,,,,,
"2013-01-29 06:54:11,060",Suite,Test,# Threads,Phase,Action,Thread,Duration (ms),# Executions,# Deadlocks,Executions/s,Deadlocks/s,Avg Exec Time (ms),Avg Resp Time (ms),StdDev Resp Time (ms),Min Resp Time (ms),Max Resp Time (ms)
"2013-01-29 06:54:11,060",LMPI Parallel Query Test Suite,xQuery Test by :cs_q612_sort_para,1,WARMUP,Execute Query,Aggregated,75187,1000,0,13.30017157,0,75.187,75.17792567,0,48.424869,3030.799391
"2013-01-29 06:54:11,060",LMPI Parallel Query Test Suite,xQuery Test by :cs_q612_sort_para,1,WARMUP,Execute Query,ST-0.0-[Execute Query],75187,1000,0,13.30017157,0,75.187,75.17792567,145.3428771,48.424869,3030.799391
"2013-01-29 06:55:08,398",LMPI Parallel Query Test Suite,xQuery Test by :cs_q612_sort_para,1,RUN,Execute Query,Aggregated,56276,1000,0,17.76956429,0,56.276,56.26804894,0,47.432053,321.493886
"2013-01-29 06:55:08,398",LMPI Parallel Query Test Suite,xQuery Test by :cs_q612_sort_para,1,RUN,Execute Query,ST-0.0-[Execute Query],56276,1000,0,17.76956429,0,56.276,56.26804894,10.44506587,47.432053,321.493886
"2013-01-30 03:34:22,297",Suite,Test,# Threads,Phase,Action,Thread,Duration (ms),# Executions,# Deadlocks,Executions/s,Deadlocks/s,Avg Exec Time (ms),Avg Resp Time (ms),StdDev Resp Time (ms),Min Resp Time (ms),Max Resp Time (ms)
"2013-01-30 03:34:22,297",LMPI Parallel Query Test Suite,xQuery Test by :cs_q512,1,WARMUP,Execute Query,Aggregated,160326,1000,0,6.237291519,0,160.326,160.3167474,0,119.420772,3242.425978
"2013-01-30 03:34:22,297",LMPI Parallel Query Test Suite,xQuery Test by :cs_q512,1,WARMUP,Execute Query,ST-0.0-[Execute Query],160326,1000,0,6.237291519,0,160.326,160.3167474,156.702381,119.420772,3242.425978
"2013-01-30 03:36:34,513",LMPI Parallel Query Test Suite,xQuery Test by :cs_q512,1,RUN,Execute Query,Aggregated,131064,1000,0,7.629860221,0,131.064,131.0527647,0,118.109831,798.366558
"2013-01-30 03:36:34,513",LMPI Parallel Query Test Suite,xQuery Test by :cs_q512,1,RUN,Execute Query,ST-0.0-[Execute Query],131064,1000,0,7.629860221,0,131.064,131.0527647,41.49005324,118.109831,798.366558
,,,,,,,,,,,,,,,,
"2013-01-29 06:56:11,507",Suite,Test,# Threads,Phase,Action,Thread,Duration (ms),# Executions,# Deadlocks,Executions/s,Deadlocks/s,Avg Exec Time (ms),Avg Resp Time (ms),StdDev Resp Time (ms),Min Resp Time (ms),Max Resp Time (ms)
"2013-01-29 06:56:11,507",LMPI Parallel Query Test Suite,xQuery Test by :cs_q613_sort_para,1,WARMUP,Execute Query,Aggregated,60123,1000,0,16.6325699,0,60.123,60.11464939,0,50.541218,271.455714
"2013-01-29 06:56:11,507",LMPI Parallel Query Test Suite,xQuery Test by :cs_q613_sort_para,1,WARMUP,Execute Query,ST-0.0-[Execute Query],60123,1000,0,16.6325699,0,60.123,60.11464939,10.09759796,50.541218,271.455714
"2013-01-29 06:57:12,002",LMPI Parallel Query Test Suite,xQuery Test by :cs_q613_sort_para,1,RUN,Execute Query,Aggregated,59431,1000,0,16.82623547,0,59.431,59.42278324,0,51.099806,190.476661
"2013-01-29 06:57:12,002",LMPI Parallel Query Test Suite,xQuery Test by :cs_q613_sort_para,1,RUN,Execute Query,ST-0.0-[Execute Query],59431,1000,0,16.82623547,0,59.431,59.42278324,6.636218214,51.099806,190.476661
"2013-01-30 03:38:42,530",Suite,Test,# Threads,Phase,Action,Thread,Duration (ms),# Executions,# Deadlocks,Executions/s,Deadlocks/s,Avg Exec Time (ms),Avg Resp Time (ms),StdDev Resp Time (ms),Min Resp Time (ms),Max Resp Time (ms)
"2013-01-30 03:38:42,530",LMPI Parallel Query Test Suite,xQuery Test by :cs_q513,1,WARMUP,Execute Query,Aggregated,124951,1000,0,8.00313723,0,124.951,124.9404139,0,116.790242,540.816038
"2013-01-30 03:38:42,530",LMPI Parallel Query Test Suite,xQuery Test by :cs_q513,1,WARMUP,Execute Query,ST-0.0-[Execute Query],124951,1000,0,8.00313723,0,124.951,124.9404139,31.18318588,116.790242,540.816038
"2013-01-30 03:40:45,108",LMPI Parallel Query Test Suite,xQuery Test by :cs_q513,1,RUN,Execute Query,Aggregated,121407,1000,0,8.236757353,0,121.407,121.3956655,0,115.965171,218.47667
"2013-01-30 03:40:45,108",LMPI Parallel Query Test Suite,xQuery Test by :cs_q513,1,RUN,Execute Query,ST-0.0-[Execute Query],121407,1000,0,8.236757353,0,121.407,121.3956655,14.47601356,115.965171,218.47667
,,,,,,,,,,,,,,,,
"2013-01-29 07:01:55,678",Suite,Test,# Threads,Phase,Action,Thread,Duration (ms),# Executions,# Deadlocks,Executions/s,Deadlocks/s,Avg Exec Time (ms),Avg Resp Time (ms),StdDev Resp Time (ms),Min Resp Time (ms),Max Resp Time (ms)
"2013-01-29 07:01:55,678",LMPI Parallel Query Test Suite,xQuery Test by :cs_q601_para,10,WARMUP,Execute Query,Aggregated,280543,10000,0,35.64515957,0,280.1528,280.0645618,0,66.833219,1465.069674
"2013-01-29 07:01:55,678",LMPI Parallel Query Test Suite,xQuery Test by :cs_q601_para,1,WARMUP,Execute Query,ST-0.2-[Execute Query],279280,1000,0,3.580635921,0,279.28,279.2264527,64.78425527,182.147494,984.65923
"2013-01-29 07:01:55,678",LMPI Parallel Query Test Suite,xQuery Test by :cs_q601_para,1,WARMUP,Execute Query,ST-0.6-[Execute Query],279910,1000,0,3.5725769,0,279.91,279.810484,78.81865964,157.12035,1412.498866
"2013-01-29 07:01:55,685",LMPI Parallel Query Test Suite,xQuery Test by :cs_q601_para,1,WARMUP,Execute Query,ST-0.7-[Execute Query],279979,1000,0,3.571696449,0,279.979,279.8936754,72.46894986,200.346464,1372.298999
"2013-01-29 07:01:55,692",LMPI Parallel Query Test Suite,xQuery Test by :cs_q601_para,1,WARMUP,Execute Query,ST-0.5-[Execute Query],280127,1000,0,3.569809408,0,280.127,280.0245515,77.63399854,176.48342,1356.571126
"2013-01-29 07:01:55,692",LMPI Parallel Query Test Suite,xQuery Test by :cs_q601_para,1,WARMUP,Execute Query,ST-0.0-[Execute Query],280135,1000,0,3.569707462,0,280.135,280.0199364,81.43692361,168.224421,1415.049357
"2013-01-29 07:01:55,692",LMPI Parallel Query Test Suite,xQuery Test by :cs_q601_para,1,WARMUP,Execute Query,ST-0.3-[Execute Query],280345,1000,0,3.567033477,0,280.345,280.2369899,78.70747032,150.018205,1465.069674
"2013-01-29 07:01:55,692",LMPI Parallel Query Test Suite,xQuery Test by :cs_q601_para,1,WARMUP,Execute Query,ST-0.8-[Execute Query],280378,1000,0,3.566613643,0,280.378,280.2881181,83.64329776,142.133346,1395.612438
"2013-01-29 07:01:55,692",LMPI Parallel Query Test Suite,xQuery Test by :cs_q601_para,1,WARMUP,Execute Query,ST-0.1-[Execute Query],280399,1000,0,3.566346528,0,280.399,280.3436424,76.27338509,118.371085,1411.772777
"2013-01-29 07:01:55,692",LMPI Parallel Query Test Suite,xQuery Test by :cs_q601_para,1,WARMUP,Execute Query,ST-0.4-[Execute Query],280432,1000,0,3.565926856,0,280.432,280.3687055,74.04893111,77.013246,1395.878007
"2013-01-29 07:01:55,692",LMPI Parallel Query Test Suite,xQuery Test by :cs_q601_para,1,WARMUP,Execute Query,ST-0.9-[Execute Query],280543,1000,0,3.564515957,0,280.543,280.4330626,67.92404991,66.833219,956.330955
"2013-01-29 07:06:46,625",LMPI Parallel Query Test Suite,xQuery Test by :cs_q601_para,10,RUN,Execute Query,Aggregated,287252,10000,0,34.81263838,0,286.6785,286.5392122,0,70.994665,4119.520793
"2013-01-29 07:06:46,626",LMPI Parallel Query Test Suite,xQuery Test by :cs_q601_para,1,RUN,Execute Query,ST-0.0-[Execute Query],286231,1000,0,3.493681677,0,286.231,286.1666617,135.6940851,163.378293,3991.35698
"2013-01-29 07:06:46,626",LMPI Parallel Query Test Suite,xQuery Test by :cs_q601_para,1,RUN,Execute Query,ST-0.8-[Execute Query],286371,1000,0,3.491973698,0,286.371,286.298697,119.9991797,162.24295,3099.213864
"2013-01-29 07:06:46,626",LMPI Parallel Query Test Suite,xQuery Test by :cs_q601_para,1,RUN,Execute Query,ST-0.1-[Execute Query],286416,1000,0,3.49142506,0,286.416,286.3490147,122.734371,172.865699,3090.32101
"2013-01-29 07:06:46,626",LMPI Parallel Query Test Suite,xQuery Test by :cs_q601_para,1,RUN,Execute Query,ST-0.2-[Execute Query],286476,1000,0,3.49069381,0,286.476,286.3556714,119.5056588,163.892098,3138.287272
"2013-01-29 07:06:46,626",LMPI Parallel Query Test Suite,xQuery Test by :cs_q601_para,1,RUN,Execute Query,ST-0.7-[Execute Query],286596,1000,0,3.489232229,0,286.596,286.5215653,142.8261114,140.079321,4102.328144
"2013-01-29 07:06:46,626",LMPI Parallel Query Test Suite,xQuery Test by :cs_q601_para,1,RUN,Execute Query,ST-0.9-[Execute Query],286659,1000,0,3.488465389,0,286.659,286.5746972,114.3617239,122.031355,3114.024064
"2013-01-29 07:06:46,626",LMPI Parallel Query Test Suite,xQuery Test by :cs_q601_para,1,RUN,Execute Query,ST-0.4-[Execute Query],286851,1000,0,3.48613043,0,286.851,286.7922525,124.1109696,98.63861,3136.774542
"2013-01-29 07:06:46,626",LMPI Parallel Query Test Suite,xQuery Test by :cs_q601_para,1,RUN,Execute Query,ST-0.3-[Execute Query],286899,1000,0,3.485547179,0,286.899,286.2045178,132.3155949,100.694135,4003.328128
"2013-01-29 07:06:46,626",LMPI Parallel Query Test Suite,xQuery Test by :cs_q601_para,1,RUN,Execute Query,ST-0.6-[Execute Query],287034,1000,0,3.48390783,0,287.034,286.9351473,134.6733676,89.814841,3961.455549
"2013-01-29 07:06:46,626",LMPI Parallel Query Test Suite,xQuery Test by :cs_q601_para,1,RUN,Execute Query,ST-0.5-[Execute Query],287252,1000,0,3.481263838,0,287.252,287.1938968,138.8991707,70.994665,4119.520793
"2013-01-30 03:43:53,065",Suite,Test,# Threads,Phase,Action,Thread,Duration (ms),# Executions,# Deadlocks,Executions/s,Deadlocks/s,Avg Exec Time (ms),Avg Resp Time (ms),StdDev Resp Time (ms),Min Resp Time (ms),Max Resp Time (ms)
"2013-01-30 03:43:53,065",LMPI Parallel Query Test Suite,xQuery Test by :cs_q401,10,WARMUP,Execute Query,Aggregated,184830,10000,0,54.10377103,0,165.5961,165.5862739,0,113.937845,1316.130837
"2013-01-30 03:43:53,066",LMPI Parallel Query Test Suite,xQuery Test by :cs_q401,1,WARMUP,Execute Query,ST-0.2-[Execute Query],140969,1000,0,7.093758202,0,140.969,140.9594399,67.60684684,119.62815,1134.231879
"2013-01-30 03:43:53,066",LMPI Parallel Query Test Suite,xQuery Test by :cs_q401,1,WARMUP,Execute Query,ST-0.4-[Execute Query],142684,1000,0,7.008494295,0,142.684,142.6748608,72.8485763,119.983784,1316.130837
"2013-01-30 03:43:53,066",LMPI Parallel Query Test Suite,xQuery Test by :cs_q401,1,WARMUP,Execute Query,ST-0.6-[Execute Query],144803,1000,0,6.905934269,0,144.803,144.794503,68.39793383,119.727089,1110.43004
"2013-01-30 03:43:53,066",LMPI Parallel Query Test Suite,xQuery Test by :cs_q401,1,WARMUP,Execute Query,ST-0.8-[Execute Query],162736,1000,0,6.144921837,0,162.736,162.7263651,82.39337218,118.984065,1210.510729
"2013-01-30 03:43:53,066",LMPI Parallel Query Test Suite,xQuery Test by :cs_q401,1,WARMUP,Execute Query,ST-0.5-[Execute Query],170950,1000,0,5.849663644,0,170.95,170.9399381,83.1400585,115.901289,1107.383745
"2013-01-30 03:43:53,066",LMPI Parallel Query Test Suite,xQuery Test by :cs_q401,1,WARMUP,Execute Query,ST-0.9-[Execute Query],173021,1000,0,5.779645245,0,173.021,173.0103469,85.04589133,114.313488,1108.953846
"2013-01-30 03:43:53,066",LMPI Parallel Query Test Suite,xQuery Test by :cs_q401,1,WARMUP,Execute Query,ST-0.1-[Execute Query],178487,1000,0,5.602648932,0,178.487,178.4764269,85.31545217,119.157516,1103.905377
"2013-01-30 03:43:53,066",LMPI Parallel Query Test Suite,xQuery Test by :cs_q401,1,WARMUP,Execute Query,ST-0.0-[Execute Query],178733,1000,0,5.5949377,0,178.733,178.7228224,88.3629244,119.338054,1221.919364
"2013-01-30 03:43:53,066",LMPI Parallel Query Test Suite,xQuery Test by :cs_q401,1,WARMUP,Execute Query,ST-0.7-[Execute Query],178750,1000,0,5.594405594,0,178.75,178.739461,89.76118053,115.841026,1186.103624
"2013-01-30 03:43:53,066",LMPI Parallel Query Test Suite,xQuery Test by :cs_q401,1,WARMUP,Execute Query,ST-0.3-[Execute Query],184828,1000,0,5.410435648,0,184.828,184.8185747,86.56799656,113.937845,1174.807444
"2013-01-30 03:46:50,624",LMPI Parallel Query Test Suite,xQuery Test by :cs_q401,10,RUN,Execute Query,Aggregated,174556,10000,0,57.2882055,0,160.2649,160.2553333,0,114.561064,641.466791
"2013-01-30 03:46:50,624",LMPI Parallel Query Test Suite,xQuery Test by :cs_q401,1,RUN,Execute Query,ST-0.2-[Execute Query],140429,1000,0,7.121036253,0,140.429,140.4192632,40.94948594,119.460394,468.254067
"2013-01-30 03:46:50,624",LMPI Parallel Query Test Suite,xQuery Test by :cs_q401,1,RUN,Execute Query,ST-0.4-[Execute Query],147307,1000,0,6.788543654,0,147.307,147.2969377,45.81114335,123.27116,641.466791
"2013-01-30 03:46:50,624",LMPI Parallel Query Test Suite,xQuery Test by :cs_q401,1,RUN,Execute Query,ST-0.0-[Execute Query],147747,1000,0,6.768326937,0,147.747,147.7359214,46.15467992,122.719666,562.063133
"2013-01-30 03:46:50,624",LMPI Parallel Query Test Suite,xQuery Test by :cs_q401,1,RUN,Execute Query,ST-0.5-[Execute Query],159105,1000,0,6.2851576,0,159.105,159.0955562,58.3397432,119.129081,537.212929
"2013-01-30 03:46:50,624",LMPI Parallel Query Test Suite,xQuery Test by :cs_q401,1,RUN,Execute Query,ST-0.6-[Execute Query],159951,1000,0,6.251914649,0,159.951,159.9420855,57.54993335,119.026304,448.45434
"2013-01-30 03:46:50,624",LMPI Parallel Query Test Suite,xQuery Test by :cs_q401,1,RUN,Execute Query,ST-0.8-[Execute Query],162734,1000,0,6.144997358,0,162.734,162.7253433,57.35092035,114.683006,562.121239
"2013-01-30 03:46:50,624",LMPI Parallel Query Test Suite,xQuery Test by :cs_q401,1,RUN,Execute Query,ST-0.9-[Execute Query],166961,1000,0,5.98942268,0,166.961,166.9517282,59.51093662,115.240918,444.791941
"2013-01-30 03:46:50,624",LMPI Parallel Query Test Suite,xQuery Test by :cs_q401,1,RUN,Execute Query,ST-0.3-[Execute Query],170171,1000,0,5.876441932,0,170.171,170.161808,62.25250849,118.519875,574.26895
"2013-01-30 03:46:50,624",LMPI Parallel Query Test Suite,xQuery Test by :cs_q401,1,RUN,Execute Query,ST-0.1-[Execute Query],173689,1000,0,5.757416992,0,173.689,173.6797023,63.24896261,114.561064,564.069961
"2013-01-30 03:46:50,624",LMPI Parallel Query Test Suite,xQuery Test by :cs_q401,1,RUN,Execute Query,ST-0.7-[Execute Query],174555,1000,0,5.72885337,0,174.555,174.5449877,63.10019784,115.661573,541.990326
,,,,,,,,,,,,,,,,
"2013-01-29 07:11:24,697",Suite,Test,# Threads,Phase,Action,Thread,Duration (ms),# Executions,# Deadlocks,Executions/s,Deadlocks/s,Avg Exec Time (ms),Avg Resp Time (ms),StdDev Resp Time (ms),Min Resp Time (ms),Max Resp Time (ms)
"2013-01-29 07:11:24,698",LMPI Parallel Query Test Suite,xQuery Test by :cs_q603_para,10,WARMUP,Execute Query,Aggregated,274513,10000,0,36.4281473,0,274.1005,274.0367874,0,64.741868,983.086979
"2013-01-29 07:11:24,698",LMPI Parallel Query Test Suite,xQuery Test by :cs_q603_para,1,WARMUP,Execute Query,ST-0.0-[Execute Query],273452,1000,0,3.656948934,0,273.452,273.3788692,45.12546213,154.935661,928.415314
"2013-01-29 07:11:24,698",LMPI Parallel Query Test Suite,xQuery Test by :cs_q603_para,1,WARMUP,Execute Query,ST-0.4-[Execute Query],273551,1000,0,3.655625459,0,273.551,273.4677346,45.39546218,183.852662,928.478256
"2013-01-29 07:11:24,698",LMPI Parallel Query Test Suite,xQuery Test by :cs_q603_para,1,WARMUP,Execute Query,ST-0.7-[Execute Query],274012,1000,0,3.649475205,0,274.012,273.9250771,44.4123003,189.559917,875.775428
"2013-01-29 07:11:24,698",LMPI Parallel Query Test Suite,xQuery Test by :cs_q603_para,1,WARMUP,Execute Query,ST-0.3-[Execute Query],274123,1000,0,3.647997432,0,274.123,274.0682146,45.47977235,183.554416,915.300866
"2013-01-29 07:11:24,698",LMPI Parallel Query Test Suite,xQuery Test by :cs_q603_para,1,WARMUP,Execute Query,ST-0.2-[Execute Query],274207,1000,0,3.646879912,0,274.207,274.1618304,46.24396887,173.239367,983.086979
"2013-01-29 07:11:24,698",LMPI Parallel Query Test Suite,xQuery Test by :cs_q603_para,1,WARMUP,Execute Query,ST-0.1-[Execute Query],274209,1000,0,3.646853313,0,274.209,274.1631637,46.08129957,148.958062,878.985586
"2013-01-29 07:11:24,698",LMPI Parallel Query Test Suite,xQuery Test by :cs_q603_para,1,WARMUP,Execute Query,ST-0.5-[Execute Query],274278,1000,0,3.645935875,0,274.278,274.2356991,44.2876406,141.07179,835.057526
"2013-01-29 07:11:24,698",LMPI Parallel Query Test Suite,xQuery Test by :cs_q603_para,1,WARMUP,Execute Query,ST-0.9-[Execute Query],274293,1000,0,3.645736493,0,274.293,274.2241208,46.1925058,129.849503,940.205071
"2013-01-29 07:11:24,698",LMPI Parallel Query Test Suite,xQuery Test by :cs_q603_para,1,WARMUP,Execute Query,ST-0.6-[Execute Query],274367,1000,0,3.644753196,0,274.367,274.3083611,46.47070355,100.618333,948.524979
"2013-01-29 07:11:24,698",LMPI Parallel Query Test Suite,xQuery Test by :cs_q603_para,1,WARMUP,Execute Query,ST-0.8-[Execute Query],274513,1000,0,3.64281473,0,274.513,274.4348034,45.87149882,64.741868,846.774968
"2013-01-29 07:16:02,876",LMPI Parallel Query Test Suite,xQuery Test by :cs_q603_para,10,RUN,Execute Query,Aggregated,273786,10000,0,36.52487709,0,273.46,273.3945228,0,94.718697,837.604362
"2013-01-29 07:16:02,876",LMPI Parallel Query Test Suite,xQuery Test by :cs_q603_para,1,RUN,Execute Query,ST-0.9-[Execute Query],273110,1000,0,3.661528322,0,273.11,273.0709138,31.02057247,188.412138,764.695817
"2013-01-29 07:16:02,876",LMPI Parallel Query Test Suite,xQuery Test by :cs_q603_para,1,RUN,Execute Query,ST-0.5-[Execute Query],273170,1000,0,3.660724091,0,273.17,273.086052,31.43864289,172.942574,807.876851
"2013-01-29 07:16:02,876",LMPI Parallel Query Test Suite,xQuery Test by :cs_q603_para,1,RUN,Execute Query,ST-0.1-[Execute Query],273217,1000,0,3.660094357,0,273.217,273.1519772,33.23830422,173.705672,837.604362
"2013-01-29 07:16:02,877",LMPI Parallel Query Test Suite,xQuery Test by :cs_q603_para,1,RUN,Execute Query,ST-0.2-[Execute Query],273298,1000,0,3.659009579,0,273.298,273.2493712,31.02038103,181.004526,800.241569
"2013-01-29 07:16:02,877",LMPI Parallel Query Test Suite,xQuery Test by :cs_q603_para,1,RUN,Execute Query,ST-0.0-[Execute Query],273338,1000,0,3.658474124,0,273.338,273.255167,31.45256451,182.069452,777.227479
"2013-01-29 07:16:02,877",LMPI Parallel Query Test Suite,xQuery Test by :cs_q603_para,1,RUN,Execute Query,ST-0.7-[Execute Query],273527,1000,0,3.655946214,0,273.527,273.4540797,32.82467771,113.404649,789.30719
"2013-01-29 07:16:02,877",LMPI Parallel Query Test Suite,xQuery Test by :cs_q603_para,1,RUN,Execute Query,ST-0.8-[Execute Query],273592,1000,0,3.655077634,0,273.592,273.5224207,32.79970968,139.359878,804.153482
"2013-01-29 07:16:02,877",LMPI Parallel Query Test Suite,xQuery Test by :cs_q603_para,1,RUN,Execute Query,ST-0.6-[Execute Query],273779,1000,0,3.652581096,0,273.779,273.7019225,33.09882102,102.467539,793.818228
"2013-01-29 07:16:02,877",LMPI Parallel Query Test Suite,xQuery Test by :cs_q603_para,1,RUN,Execute Query,ST-0.4-[Execute Query],273783,1000,0,3.652527732,0,273.783,273.7226851,32.46665736,94.718697,779.476087
"2013-01-29 07:16:02,877",LMPI Parallel Query Test Suite,xQuery Test by :cs_q603_para,1,RUN,Execute Query,ST-0.3-[Execute Query],273786,1000,0,3.652487709,0,273.786,273.7306391,32.80304679,96.744136,817.64766
"2013-01-30 03:49:48,226",Suite,Test,# Threads,Phase,Action,Thread,Duration (ms),# Executions,# Deadlocks,Executions/s,Deadlocks/s,Avg Exec Time (ms),Avg Resp Time (ms),StdDev Resp Time (ms),Min Resp Time (ms),Max Resp Time (ms)
"2013-01-30 03:49:48,226",LMPI Parallel Query Test Suite,xQuery Test by :cs_q403,10,WARMUP,Execute Query,Aggregated,172278,10000,0,58.04571681,0,161.5153,161.5062253,0,113.984337,926.8638
"2013-01-30 03:49:48,226",LMPI Parallel Query Test Suite,xQuery Test by :cs_q403,1,WARMUP,Execute Query,ST-0.1-[Execute Query],148434,1000,0,6.737000957,0,148.434,148.4250491,49.4411544,120.268669,894.203403
"2013-01-30 03:49:48,226",LMPI Parallel Query Test Suite,xQuery Test by :cs_q403,1,WARMUP,Execute Query,ST-0.2-[Execute Query],157167,1000,0,6.362658828,0,157.167,157.1579199,57.51911522,120.596421,894.156582
"2013-01-30 03:49:48,226",LMPI Parallel Query Test Suite,xQuery Test by :cs_q403,1,WARMUP,Execute Query,ST-0.5-[Execute Query],157947,1000,0,6.331237694,0,157.947,157.9384105,57.55845981,119.758125,895.297853
"2013-01-30 03:49:48,226",LMPI Parallel Query Test Suite,xQuery Test by :cs_q403,1,WARMUP,Execute Query,ST-0.0-[Execute Query],158927,1000,0,6.292197046,0,158.927,158.9177343,59.00104777,121.085639,926.582761
"2013-01-30 03:49:48,226",LMPI Parallel Query Test Suite,xQuery Test by :cs_q403,1,WARMUP,Execute Query,ST-0.6-[Execute Query],161019,1000,0,6.210447214,0,161.019,161.0100526,61.25795775,120.137146,926.8638
"2013-01-30 03:49:48,226",LMPI Parallel Query Test Suite,xQuery Test by :cs_q403,1,WARMUP,Execute Query,ST-0.9-[Execute Query],163375,1000,0,6.120887529,0,163.375,163.3666195,60.37364728,121.335823,895.360691
"2013-01-30 03:49:48,226",LMPI Parallel Query Test Suite,xQuery Test by :cs_q403,1,WARMUP,Execute Query,ST-0.4-[Execute Query],163634,1000,0,6.111199384,0,163.634,163.6243405,60.4345877,116.13551,782.255142
"2013-01-30 03:49:48,226",LMPI Parallel Query Test Suite,xQuery Test by :cs_q403,1,WARMUP,Execute Query,ST-0.7-[Execute Query],166008,1000,0,6.023806082,0,166.008,165.9992044,59.72669965,119.276574,783.194756
"2013-01-30 03:49:48,226",LMPI Parallel Query Test Suite,xQuery Test by :cs_q403,1,WARMUP,Execute Query,ST-0.8-[Execute Query],166365,1000,0,6.010879692,0,166.365,166.3559224,62.78691579,115.684591,782.640032
"2013-01-30 03:49:48,226",LMPI Parallel Query Test Suite,xQuery Test by :cs_q403,1,WARMUP,Execute Query,ST-0.3-[Execute Query],172277,1000,0,5.804605374,0,172.277,172.2669998,64.35926044,113.984337,782.241499
"2013-01-30 03:52:44,810",LMPI Parallel Query Test Suite,xQuery Test by :cs_q403,10,RUN,Execute Query,Aggregated,172351,10000,0,58.0211313,0,159.3207,159.3117181,0,115.926061,572.470102
"2013-01-30 03:52:44,810",LMPI Parallel Query Test Suite,xQuery Test by :cs_q403,1,RUN,Execute Query,ST-0.6-[Execute Query],144941,1000,0,6.89935905,0,144.941,144.9318106,41.22750706,120.857508,428.628371
"2013-01-30 03:52:44,810",LMPI Parallel Query Test Suite,xQuery Test by :cs_q403,1,RUN,Execute Query,ST-0.2-[Execute Query],152298,1000,0,6.566074407,0,152.298,152.2893452,52.63655559,119.782941,450.387026
"2013-01-30 03:52:44,810",LMPI Parallel Query Test Suite,xQuery Test by :cs_q403,1,RUN,Execute Query,ST-0.0-[Execute Query],152728,1000,0,6.547587869,0,152.728,152.7188922,50.61815326,119.610934,555.064936
"2013-01-30 03:52:44,810",LMPI Parallel Query Test Suite,xQuery Test by :cs_q403,1,RUN,Execute Query,ST-0.9-[Execute Query],154897,1000,0,6.455902955,0,154.897,154.8883815,49.96273108,122.267755,486.080388
"2013-01-30 03:52:44,810",LMPI Parallel Query Test Suite,xQuery Test by :cs_q403,1,RUN,Execute Query,ST-0.5-[Execute Query],159408,1000,0,6.27321088,0,159.408,159.3993499,53.35742704,116.66735,428.765546
"2013-01-30 03:52:44,810",LMPI Parallel Query Test Suite,xQuery Test by :cs_q403,1,RUN,Execute Query,ST-0.3-[Execute Query],160227,1000,0,6.241145375,0,160.227,160.2181876,55.83629592,120.362641,462.083777
"2013-01-30 03:52:44,810",LMPI Parallel Query Test Suite,xQuery Test by :cs_q403,1,RUN,Execute Query,ST-0.7-[Execute Query],160234,1000,0,6.240872724,0,160.234,160.2254631,53.88481479,117.373655,485.981323
"2013-01-30 03:52:44,810",LMPI Parallel Query Test Suite,xQuery Test by :cs_q403,1,RUN,Execute Query,ST-0.1-[Execute Query],167134,1000,0,5.983223043,0,167.134,167.1242299,57.2878983,115.926061,397.493027
"2013-01-30 03:52:44,810",LMPI Parallel Query Test Suite,xQuery Test by :cs_q403,1,RUN,Execute Query,ST-0.4-[Execute Query],168989,1000,0,5.917544929,0,168.989,168.980181,60.59450922,116.307619,540.739766
"2013-01-30 03:52:44,810",LMPI Parallel Query Test Suite,xQuery Test by :cs_q403,1,RUN,Execute Query,ST-0.8-[Execute Query],172351,1000,0,5.80211313,0,172.351,172.3413396,60.36893733,116.618344,572.470102
,,,,,,,,,,,,,,,,
"2013-01-29 07:24:20,309",Suite,Test,# Threads,Phase,Action,Thread,Duration (ms),# Executions,# Deadlocks,Executions/s,Deadlocks/s,Avg Exec Time (ms),Avg Resp Time (ms),StdDev Resp Time (ms),Min Resp Time (ms),Max Resp Time (ms)
"2013-01-29 07:24:20,309",LMPI Parallel Query Test Suite,xQuery Test by :cs_q604_para,10,WARMUP,Execute Query,Aggregated,491705,10000,0,20.33739742,0,491.1182,491.0724913,0,123.29572,1732.402217
"2013-01-29 07:24:20,309",LMPI Parallel Query Test Suite,xQuery Test by :cs_q604_para,1,WARMUP,Execute Query,ST-0.1-[Execute Query],490148,1000,0,2.040200103,0,490.148,490.109476,55.00017846,302.902664,1043.875451
"2013-01-29 07:24:20,309",LMPI Parallel Query Test Suite,xQuery Test by :cs_q604_para,1,WARMUP,Execute Query,ST-0.2-[Execute Query],490688,1000,0,2.037954872,0,490.688,490.6341923,61.97468501,263.647254,1641.661514
"2013-01-29 07:24:20,309",LMPI Parallel Query Test Suite,xQuery Test by :cs_q604_para,1,WARMUP,Execute Query,ST-0.7-[Execute Query],490996,1000,0,2.03667647,0,490.996,490.9406142,63.52648446,343.852031,1716.120592
"2013-01-29 07:24:20,309",LMPI Parallel Query Test Suite,xQuery Test by :cs_q604_para,1,WARMUP,Execute Query,ST-0.0-[Execute Query],491030,1000,0,2.036535446,0,491.03,490.9925191,55.31582285,290.2835,1083.258225
"2013-01-29 07:24:20,309",LMPI Parallel Query Test Suite,xQuery Test by :cs_q604_para,1,WARMUP,Execute Query,ST-0.8-[Execute Query],491121,1000,0,2.036158095,0,491.121,491.0867268,60.55808885,335.163432,1564.441393
"2013-01-29 07:24:20,309",LMPI Parallel Query Test Suite,xQuery Test by :cs_q604_para,1,WARMUP,Execute Query,ST-0.5-[Execute Query],491185,1000,0,2.03589279,0,491.185,491.1532299,59.42926284,271.959191,1450.137803
"2013-01-29 07:24:20,310",LMPI Parallel Query Test Suite,xQuery Test by :cs_q604_para,1,WARMUP,Execute Query,ST-0.4-[Execute Query],491412,1000,0,2.034952341,0,491.412,491.3643821,63.67216401,197.033412,1660.649283
"2013-01-29 07:24:20,310",LMPI Parallel Query Test Suite,xQuery Test by :cs_q604_para,1,WARMUP,Execute Query,ST-0.6-[Execute Query],491436,1000,0,2.034852962,0,491.436,491.3874908,66.37322407,212.5457,1732.402217
"2013-01-29 07:24:20,310",LMPI Parallel Query Test Suite,xQuery Test by :cs_q604_para,1,WARMUP,Execute Query,ST-0.3-[Execute Query],491461,1000,0,2.034749451,0,491.461,491.4106881,56.25074587,225.702827,1035.785362
"2013-01-29 07:24:20,310",LMPI Parallel Query Test Suite,xQuery Test by :cs_q604_para,1,WARMUP,Execute Query,ST-0.9-[Execute Query],491705,1000,0,2.033739742,0,491.705,491.6455935,65.57878761,123.29572,1631.960937
"2013-01-29 07:32:11,726",LMPI Parallel Query Test Suite,xQuery Test by :cs_q604_para,10,RUN,Execute Query,Aggregated,468128,10000,0,21.36167886,0,467.6151,467.5730876,0,164.357926,3766.657848
"2013-01-29 07:32:11,726",LMPI Parallel Query Test Suite,xQuery Test by :cs_q604_para,1,RUN,Execute Query,ST-0.6-[Execute Query],466897,1000,0,2.141800012,0,466.897,466.841377,111.1238995,171.060896,3766.657848
"2013-01-29 07:32:11,726",LMPI Parallel Query Test Suite,xQuery Test by :cs_q604_para,1,RUN,Execute Query,ST-0.3-[Execute Query],466942,1000,0,2.141593603,0,466.942,466.8867734,109.69998,244.178511,3734.77991
"2013-01-29 07:32:11,726",LMPI Parallel Query Test Suite,xQuery Test by :cs_q604_para,1,RUN,Execute Query,ST-0.0-[Execute Query],467152,1000,0,2.140630887,0,467.152,467.118483,109.5718387,317.878849,3732.354579
"2013-01-29 07:32:11,727",LMPI Parallel Query Test Suite,xQuery Test by :cs_q604_para,1,RUN,Execute Query,ST-0.1-[Execute Query],467211,1000,0,2.140360565,0,467.211,467.1588811,110.3328899,263.503517,3752.182787
"2013-01-29 07:32:11,727",LMPI Parallel Query Test Suite,xQuery Test by :cs_q604_para,1,RUN,Execute Query,ST-0.5-[Execute Query],467811,1000,0,2.137615405,0,467.811,467.7763689,110.7858521,204.659131,3749.262585
"2013-01-29 07:32:11,727",LMPI Parallel Query Test Suite,xQuery Test by :cs_q604_para,1,RUN,Execute Query,ST-0.8-[Execute Query],467873,1000,0,2.137332139,0,467.873,467.8309453,110.3067525,237.342744,3731.59854
"2013-01-29 07:32:11,727",LMPI Parallel Query Test Suite,xQuery Test by :cs_q604_para,1,RUN,Execute Query,ST-0.7-[Execute Query],467911,1000,0,2.137158562,0,467.911,467.8784533,110.0486965,173.877045,3733.348665
"2013-01-29 07:32:11,727",LMPI Parallel Query Test Suite,xQuery Test by :cs_q604_para,1,RUN,Execute Query,ST-0.9-[Execute Query],468102,1000,0,2.136286536,0,468.102,468.0692681,111.3141936,164.357926,3751.044917
"2013-01-29 07:32:11,727",LMPI Parallel Query Test Suite,xQuery Test by :cs_q604_para,1,RUN,Execute Query,ST-0.4-[Execute Query],468124,1000,0,2.136186139,0,468.124,468.0723833,110.9816365,178.687926,3748.341833
"2013-01-29 07:32:11,727",LMPI Parallel Query Test Suite,xQuery Test by :cs_q604_para,1,RUN,Execute Query,ST-0.2-[Execute Query],468128,1000,0,2.136167886,0,468.128,468.0979429,109.2610884,183.14013,3686.515781
"2013-01-30 03:56:28,125",Suite,Test,# Threads,Phase,Action,Thread,Duration (ms),# Executions,# Deadlocks,Executions/s,Deadlocks/s,Avg Exec Time (ms),Avg Resp Time (ms),StdDev Resp Time (ms),Min Resp Time (ms),Max Resp Time (ms)
"2013-01-30 03:56:28,125",LMPI Parallel Query Test Suite,xQuery Test by :cs_q404,10,WARMUP,Execute Query,Aggregated,218225,10000,0,45.82426395,0,200.3861,200.3744035,0,138.508182,915.145975
"2013-01-30 03:56:28,125",LMPI Parallel Query Test Suite,xQuery Test by :cs_q404,1,WARMUP,Execute Query,ST-0.7-[Execute Query],193414,1000,0,5.170256548,0,193.414,193.4052516,64.27579623,147.223028,774.119876
"2013-01-30 03:56:28,125",LMPI Parallel Query Test Suite,xQuery Test by :cs_q404,1,WARMUP,Execute Query,ST-0.2-[Execute Query],193657,1000,0,5.163768932,0,193.657,193.6476867,64.01749666,147.692615,875.665145
"2013-01-30 03:56:28,125",LMPI Parallel Query Test Suite,xQuery Test by :cs_q404,1,WARMUP,Execute Query,ST-0.1-[Execute Query],195238,1000,0,5.121953718,0,195.238,195.2288167,63.68944198,145.688075,775.481457
"2013-01-30 03:56:28,125",LMPI Parallel Query Test Suite,xQuery Test by :cs_q404,1,WARMUP,Execute Query,ST-0.3-[Execute Query],195544,1000,0,5.113938551,0,195.544,195.5341196,63.80611549,146.412157,875.77766
"2013-01-30 03:56:28,125",LMPI Parallel Query Test Suite,xQuery Test by :cs_q404,1,WARMUP,Execute Query,ST-0.8-[Execute Query],196244,1000,0,5.095697193,0,196.244,196.2127416,66.16585421,144.950213,915.145975
"2013-01-30 03:56:28,125",LMPI Parallel Query Test Suite,xQuery Test by :cs_q404,1,WARMUP,Execute Query,ST-0.0-[Execute Query],197637,1000,0,5.059781316,0,197.637,197.6270892,62.93633608,141.912315,873.494475
"2013-01-30 03:56:28,125",LMPI Parallel Query Test Suite,xQuery Test by :cs_q404,1,WARMUP,Execute Query,ST-0.9-[Execute Query],203349,1000,0,4.917653886,0,203.349,203.338814,67.93724159,140.667251,913.750384
"2013-01-30 03:56:28,125",LMPI Parallel Query Test Suite,xQuery Test by :cs_q404,1,WARMUP,Execute Query,ST-0.5-[Execute Query],203487,1000,0,4.914318851,0,203.487,203.4776673,68.46852918,145.994196,913.899743
"2013-01-30 03:56:28,125",LMPI Parallel Query Test Suite,xQuery Test by :cs_q404,1,WARMUP,Execute Query,ST-0.6-[Execute Query],207068,1000,0,4.829331427,0,207.068,207.0590036,70.32408013,144.32001,899.719623
"2013-01-30 03:56:28,125",LMPI Parallel Query Test Suite,xQuery Test by :cs_q404,1,WARMUP,Execute Query,ST-0.4-[Execute Query],218223,1000,0,4.582468392,0,218.223,218.2128448,74.81463487,138.508182,874.500899
"2013-01-30 04:00:00,160",LMPI Parallel Query Test Suite,xQuery Test by :cs_q404,10,RUN,Execute Query,Aggregated,207479,10000,0,48.19764892,0,196.5246,196.5149654,0,138.921253,661.33172
"2013-01-30 04:00:00,160",LMPI Parallel Query Test Suite,xQuery Test by :cs_q404,1,RUN,Execute Query,ST-0.5-[Execute Query],185939,1000,0,5.378107874,0,185.939,185.9298782,54.28995846,146.946053,456.956395
"2013-01-30 04:00:00,160",LMPI Parallel Query Test Suite,xQuery Test by :cs_q404,1,RUN,Execute Query,ST-0.4-[Execute Query],190956,1000,0,5.236808479,0,190.956,190.9460143,58.53626603,147.637956,399.449457
"2013-01-30 04:00:00,160",LMPI Parallel Query Test Suite,xQuery Test by :cs_q404,1,RUN,Execute Query,ST-0.0-[Execute Query],192444,1000,0,5.196316851,0,192.444,192.4339911,57.78021876,148.186692,615.524949
"2013-01-30 04:00:00,161",LMPI Parallel Query Test Suite,xQuery Test by :cs_q404,1,RUN,Execute Query,ST-0.2-[Execute Query],196130,1000,0,5.098659053,0,196.13,196.1198596,61.35551546,147.116797,628.578357
"2013-01-30 04:00:00,161",LMPI Parallel Query Test Suite,xQuery Test by :cs_q404,1,RUN,Execute Query,ST-0.9-[Execute Query],196301,1000,0,5.094217554,0,196.301,196.2913586,61.89341282,147.349647,517.875637
"2013-01-30 04:00:00,161",LMPI Parallel Query Test Suite,xQuery Test by :cs_q404,1,RUN,Execute Query,ST-0.7-[Execute Query],197228,1000,0,5.070273998,0,197.228,197.2189119,64.00492382,140.345113,661.33172
"2013-01-30 04:00:00,161",LMPI Parallel Query Test Suite,xQuery Test by :cs_q404,1,RUN,Execute Query,ST-0.3-[Execute Query],197308,1000,0,5.068218217,0,197.308,197.2990401,63.60884747,140.389908,454.881474
"2013-01-30 04:00:00,161",LMPI Parallel Query Test Suite,xQuery Test by :cs_q404,1,RUN,Execute Query,ST-0.8-[Execute Query],199324,1000,0,5.016957316,0,199.324,199.3139344,62.73620593,145.526055,415.317824
"2013-01-30 04:00:00,161",LMPI Parallel Query Test Suite,xQuery Test by :cs_q404,1,RUN,Execute Query,ST-0.1-[Execute Query],202137,1000,0,4.947139811,0,202.137,202.1280699,64.4931479,142.376023,513.380561
"2013-01-30 04:00:00,161",LMPI Parallel Query Test Suite,xQuery Test by :cs_q404,1,RUN,Execute Query,ST-0.6-[Execute Query],207479,1000,0,4.819764892,0,207.479,207.4685954,67.04954846,138.921253,633.331264
,,,,,,,,,,,,,,,,
"2013-01-29 07:36:38,953",Suite,Test,# Threads,Phase,Action,Thread,Duration (ms),# Executions,# Deadlocks,Executions/s,Deadlocks/s,Avg Exec Time (ms),Avg Resp Time (ms),StdDev Resp Time (ms),Min Resp Time (ms),Max Resp Time (ms)
"2013-01-29 07:36:38,953",LMPI Parallel Query Test Suite,xQuery Test by :cs_q605_para,10,WARMUP,Execute Query,Aggregated,263950,10000,0,37.88596325,0,263.4097,263.3406577,0,65.627686,1041.601858
"2013-01-29 07:36:38,953",LMPI Parallel Query Test Suite,xQuery Test by :cs_q605_para,1,WARMUP,Execute Query,ST-0.7-[Execute Query],262564,1000,0,3.808595238,0,262.564,262.4744911,35.49046366,183.84925,984.50343
"2013-01-29 07:36:38,953",LMPI Parallel Query Test Suite,xQuery Test by :cs_q605_para,1,WARMUP,Execute Query,ST-0.8-[Execute Query],263139,1000,0,3.80027286,0,263.139,263.04168,36.08747404,201.330481,1009.081318
"2013-01-29 07:36:38,953",LMPI Parallel Query Test Suite,xQuery Test by :cs_q605_para,1,WARMUP,Execute Query,ST-0.3-[Execute Query],263201,1000,0,3.799377662,0,263.201,263.1526583,36.41974905,188.356417,997.904973
"2013-01-29 07:36:38,953",LMPI Parallel Query Test Suite,xQuery Test by :cs_q605_para,1,WARMUP,Execute Query,ST-0.5-[Execute Query],263351,1000,0,3.797213605,0,263.351,263.2931734,35.27251504,141.965932,989.621616
"2013-01-29 07:36:38,953",LMPI Parallel Query Test Suite,xQuery Test by :cs_q605_para,1,WARMUP,Execute Query,ST-0.1-[Execute Query],263449,1000,0,3.795801085,0,263.449,263.3798651,35.19802606,175.554514,985.093546
"2013-01-29 07:36:38,953",LMPI Parallel Query Test Suite,xQuery Test by :cs_q605_para,1,WARMUP,Execute Query,ST-0.6-[Execute Query],263468,1000,0,3.795527351,0,263.468,263.4193719,36.53196876,163.895241,1041.601858
"2013-01-29 07:36:38,953",LMPI Parallel Query Test Suite,xQuery Test by :cs_q605_para,1,WARMUP,Execute Query,ST-0.9-[Execute Query],263607,1000,0,3.793525969,0,263.607,263.5420012,37.02766537,120.777835,1009.119843
"2013-01-29 07:36:38,953",LMPI Parallel Query Test Suite,xQuery Test by :cs_q605_para,1,WARMUP,Execute Query,ST-0.4-[Execute Query],263682,1000,0,3.792446963,0,263.682,263.5842616,37.16635876,92.274377,996.87105
"2013-01-29 07:36:38,954",LMPI Parallel Query Test Suite,xQuery Test by :cs_q605_para,1,WARMUP,Execute Query,ST-0.2-[Execute Query],263688,1000,0,3.792360669,0,263.688,263.6469431,37.00661797,85.805206,1038.65908
"2013-01-29 07:36:38,954",LMPI Parallel Query Test Suite,xQuery Test by :cs_q605_para,1,WARMUP,Execute Query,ST-0.0-[Execute Query],263948,1000,0,3.788625032,0,263.948,263.8721312,38.57148508,65.627686,1025.685914
"2013-01-29 07:41:12,886",LMPI Parallel Query Test Suite,xQuery Test by :cs_q605_para,10,RUN,Execute Query,Aggregated,270099,10000,0,37.02346177,0,269.6771,269.6132649,0,69.418296,542.604988
"2013-01-29 07:41:12,886",LMPI Parallel Query Test Suite,xQuery Test by :cs_q605_para,1,RUN,Execute Query,ST-0.8-[Execute Query],268988,1000,0,3.717637962,0,268.988,268.9397705,23.44423392,195.759172,517.567368
"2013-01-29 07:41:12,886",LMPI Parallel Query Test Suite,xQuery Test by :cs_q605_para,1,RUN,Execute Query,ST-0.7-[Execute Query],269327,1000,0,3.712958597,0,269.327,269.254739,23.60482567,204.57236,521.862496
"2013-01-29 07:41:12,886",LMPI Parallel Query Test Suite,xQuery Test by :cs_q605_para,1,RUN,Execute Query,ST-0.9-[Execute Query],269587,1000,0,3.709377678,0,269.587,269.5176624,24.66385368,191.235577,542.222965
"2013-01-29 07:41:12,886",LMPI Parallel Query Test Suite,xQuery Test by :cs_q605_para,1,RUN,Execute Query,ST-0.2-[Execute Query],269629,1000,0,3.708799869,0,269.629,269.5624787,24.11548876,166.95611,521.007704
"2013-01-29 07:41:12,886",LMPI Parallel Query Test Suite,xQuery Test by :cs_q605_para,1,RUN,Execute Query,ST-0.3-[Execute Query],269649,1000,0,3.708524786,0,269.649,269.5799067,24.86367989,200.654038,538.818129
"2013-01-29 07:41:12,886",LMPI Parallel Query Test Suite,xQuery Test by :cs_q605_para,1,RUN,Execute Query,ST-0.0-[Execute Query],269710,1000,0,3.707686033,0,269.71,269.6336067,24.37178315,150.6877,516.365137
"2013-01-29 07:41:12,886",LMPI Parallel Query Test Suite,xQuery Test by :cs_q605_para,1,RUN,Execute Query,ST-0.5-[Execute Query],269833,1000,0,3.705995931,0,269.833,269.7886934,25.60670004,148.948823,542.604988
"2013-01-29 07:41:12,887",LMPI Parallel Query Test Suite,xQuery Test by :cs_q605_para,1,RUN,Execute Query,ST-0.6-[Execute Query],269920,1000,0,3.704801423,0,269.92,269.8541731,24.53069459,103.264113,501.114343
"2013-01-29 07:41:12,887",LMPI Parallel Query Test Suite,xQuery Test by :cs_q605_para,1,RUN,Execute Query,ST-0.4-[Execute Query],270029,1000,0,3.703305941,0,270.029,269.9923883,26.37335957,86.108692,531.360358
"2013-01-29 07:41:12,887",LMPI Parallel Query Test Suite,xQuery Test by :cs_q605_para,1,RUN,Execute Query,ST-0.1-[Execute Query],270099,1000,0,3.702346177,0,270.099,270.0092298,26.29763661,69.418296,532.889075
"2013-01-30 04:03:03,428",Suite,Test,# Threads,Phase,Action,Thread,Duration (ms),# Executions,# Deadlocks,Executions/s,Deadlocks/s,Avg Exec Time (ms),Avg Resp Time (ms),StdDev Resp Time (ms),Min Resp Time (ms),Max Resp Time (ms)
"2013-01-30 04:03:03,429",LMPI Parallel Query Test Suite,xQuery Test by :cs_q405,10,WARMUP,Execute Query,Aggregated,177673,10000,0,56.28317189,0,160.727,160.7169254,0,117.414563,800.247637
"2013-01-30 04:03:03,429",LMPI Parallel Query Test Suite,xQuery Test by :cs_q405,1,WARMUP,Execute Query,ST-0.9-[Execute Query],148812,1000,0,6.719888181,0,148.812,148.8035211,49.74008544,121.762412,785.419891
"2013-01-30 04:03:03,429",LMPI Parallel Query Test Suite,xQuery Test by :cs_q405,1,WARMUP,Execute Query,ST-0.1-[Execute Query],153437,1000,0,6.517332847,0,153.437,153.4280769,50.48963275,123.201525,653.192474
"2013-01-30 04:03:03,429",LMPI Parallel Query Test Suite,xQuery Test by :cs_q405,1,WARMUP,Execute Query,ST-0.7-[Execute Query],156601,1000,0,6.385655264,0,156.601,156.5915765,53.67812788,121.789767,653.46985
"2013-01-30 04:03:03,429",LMPI Parallel Query Test Suite,xQuery Test by :cs_q405,1,WARMUP,Execute Query,ST-0.4-[Execute Query],158505,1000,0,6.308949245,0,158.505,158.4861904,57.75807432,122.776795,800.247637
"2013-01-30 04:03:03,429",LMPI Parallel Query Test Suite,xQuery Test by :cs_q405,1,WARMUP,Execute Query,ST-0.0-[Execute Query],159202,1000,0,6.281328124,0,159.202,159.1926249,55.07058928,126.247625,782.345811
"2013-01-30 04:03:03,429",LMPI Parallel Query Test Suite,xQuery Test by :cs_q405,1,WARMUP,Execute Query,ST-0.5-[Execute Query],159909,1000,0,6.25355671,0,159.909,159.8995446,53.77535326,126.599078,653.153459
"2013-01-30 04:03:03,429",LMPI Parallel Query Test Suite,xQuery Test by :cs_q405,1,WARMUP,Execute Query,ST-0.6-[Execute Query],161659,1000,0,6.18586036,0,161.659,161.6506495,58.42571192,117.414563,698.892893
"2013-01-30 04:03:03,429",LMPI Parallel Query Test Suite,xQuery Test by :cs_q405,1,WARMUP,Execute Query,ST-0.2-[Execute Query],164933,1000,0,6.063068034,0,164.933,164.9235563,56.68940261,121.325909,653.061891
"2013-01-30 04:03:03,429",LMPI Parallel Query Test Suite,xQuery Test by :cs_q405,1,WARMUP,Execute Query,ST-0.8-[Execute Query],166540,1000,0,6.004563468,0,166.54,166.5310063,60.11820205,117.73159,653.462546
"2013-01-30 04:03:03,429",LMPI Parallel Query Test Suite,xQuery Test by :cs_q405,1,WARMUP,Execute Query,ST-0.3-[Execute Query],177672,1000,0,5.628348868,0,177.672,177.6625071,64.15447768,120.042706,708.305314
"2013-01-30 04:06:04,925",LMPI Parallel Query Test Suite,xQuery Test by :cs_q405,10,RUN,Execute Query,Aggregated,177859,10000,0,56.22431252,0,159.6254,159.6161371,0,115.847234,647.411112
"2013-01-30 04:06:04,926",LMPI Parallel Query Test Suite,xQuery Test by :cs_q405,1,RUN,Execute Query,ST-0.8-[Execute Query],141355,1000,0,7.074387181,0,141.355,141.3464502,38.59165107,121.958409,419.081884
"2013-01-30 04:06:04,926",LMPI Parallel Query Test Suite,xQuery Test by :cs_q405,1,RUN,Execute Query,ST-0.7-[Execute Query],150793,1000,0,6.631607568,0,150.793,150.7842492,47.87765925,121.641453,419.054269
"2013-01-30 04:06:04,926",LMPI Parallel Query Test Suite,xQuery Test by :cs_q405,1,RUN,Execute Query,ST-0.9-[Execute Query],155368,1000,0,6.436331806,0,155.368,155.3592221,53.46562721,121.977721,647.406508
"2013-01-30 04:06:04,926",LMPI Parallel Query Test Suite,xQuery Test by :cs_q405,1,RUN,Execute Query,ST-0.4-[Execute Query],156982,1000,0,6.370157088,0,156.982,156.9735671,54.74064675,122.444568,647.411112
"2013-01-30 04:06:04,926",LMPI Parallel Query Test Suite,xQuery Test by :cs_q405,1,RUN,Execute Query,ST-0.0-[Execute Query],158010,1000,0,6.328713373,0,158.01,157.9999147,50.58950334,120.675843,351.878103
"2013-01-30 04:06:04,926",LMPI Parallel Query Test Suite,xQuery Test by :cs_q405,1,RUN,Execute Query,ST-0.6-[Execute Query],158765,1000,0,6.298617453,0,158.765,158.7547503,51.79003803,125.255417,492.836983
"2013-01-30 04:06:04,926",LMPI Parallel Query Test Suite,xQuery Test by :cs_q405,1,RUN,Execute Query,ST-0.5-[Execute Query],160999,1000,0,6.211218703,0,160.999,160.9886719,50.82183603,121.996065,361.687845
"2013-01-30 04:06:04,926",LMPI Parallel Query Test Suite,xQuery Test by :cs_q405,1,RUN,Execute Query,ST-0.2-[Execute Query],163733,1000,0,6.107504291,0,163.733,163.7240423,57.47084427,116.859721,492.834589
"2013-01-30 04:06:04,926",LMPI Parallel Query Test Suite,xQuery Test by :cs_q405,1,RUN,Execute Query,ST-0.1-[Execute Query],172390,1000,0,5.80080051,0,172.39,172.381064,59.27062007,117.894936,481.143612
"2013-01-30 04:06:04,926",LMPI Parallel Query Test Suite,xQuery Test by :cs_q405,1,RUN,Execute Query,ST-0.3-[Execute Query],177859,1000,0,5.622431252,0,177.859,177.8494397,61.59857373,115.847234,490.95588
,,,,,,,,,,,,,,,,
"2013-01-29 07:44:50,003",Suite,Test,# Threads,Phase,Action,Thread,Duration (ms),# Executions,# Deadlocks,Executions/s,Deadlocks/s,Avg Exec Time (ms),Avg Resp Time (ms),StdDev Resp Time (ms),Min Resp Time (ms),Max Resp Time (ms)
"2013-01-29 07:44:50,003",LMPI Parallel Query Test Suite,xQuery Test by :cs_q607_sort_para,10,WARMUP,Execute Query,Aggregated,209800,10000,0,47.66444233,0,209.2726,209.2303517,0,44.909131,855.704938
"2013-01-29 07:44:50,003",LMPI Parallel Query Test Suite,xQuery Test by :cs_q607_sort_para,1,WARMUP,Execute Query,ST-0.4-[Execute Query],208261,1000,0,4.801667139,0,208.261,208.2148533,36.74459989,98.436642,829.201486
"2013-01-29 07:44:50,003",LMPI Parallel Query Test Suite,xQuery Test by :cs_q607_sort_para,1,WARMUP,Execute Query,ST-0.3-[Execute Query],208673,1000,0,4.792186819,0,208.673,208.6448259,36.62791787,78.357707,819.528259
"2013-01-29 07:44:50,003",LMPI Parallel Query Test Suite,xQuery Test by :cs_q607_sort_para,1,WARMUP,Execute Query,ST-0.1-[Execute Query],209134,1000,0,4.781623265,0,209.134,209.0615067,37.45656716,87.614007,854.440819
"2013-01-29 07:44:50,003",LMPI Parallel Query Test Suite,xQuery Test by :cs_q607_sort_para,1,WARMUP,Execute Query,ST-0.7-[Execute Query],209159,1000,0,4.781051736,0,209.159,209.1351519,36.32129255,81.838538,844.000683
"2013-01-29 07:44:50,003",LMPI Parallel Query Test Suite,xQuery Test by :cs_q607_sort_para,1,WARMUP,Execute Query,ST-0.9-[Execute Query],209392,1000,0,4.775731642,0,209.392,209.3577328,36.29217194,86.480816,809.935421
"2013-01-29 07:44:50,004",LMPI Parallel Query Test Suite,xQuery Test by :cs_q607_sort_para,1,WARMUP,Execute Query,ST-0.5-[Execute Query],209406,1000,0,4.775412357,0,209.406,209.3565579,36.22322986,76.697793,843.322185
"2013-01-29 07:44:50,004",LMPI Parallel Query Test Suite,xQuery Test by :cs_q607_sort_para,1,WARMUP,Execute Query,ST-0.2-[Execute Query],209497,1000,0,4.773338043,0,209.497,209.4397609,37.69965359,73.687051,849.950609
"2013-01-29 07:44:50,004",LMPI Parallel Query Test Suite,xQuery Test by :cs_q607_sort_para,1,WARMUP,Execute Query,ST-0.0-[Execute Query],209633,1000,0,4.770241327,0,209.633,209.584067,37.38426508,60.349795,828.890109
"2013-01-29 07:44:50,004",LMPI Parallel Query Test Suite,xQuery Test by :cs_q607_sort_para,1,WARMUP,Execute Query,ST-0.8-[Execute Query],209771,1000,0,4.767103174,0,209.771,209.7399217,37.28881018,60.206721,855.704938
"2013-01-29 07:44:50,004",LMPI Parallel Query Test Suite,xQuery Test by :cs_q607_sort_para,1,WARMUP,Execute Query,ST-0.6-[Execute Query],209800,1000,0,4.766444233,0,209.8,209.7691387,37.88098733,44.909131,822.602046
"2013-01-29 07:48:22,853",LMPI Parallel Query Test Suite,xQuery Test by :cs_q607_sort_para,10,RUN,Execute Query,Aggregated,207714,10000,0,48.14311987,0,207.3118,207.2645805,0,45.185606,467.497944
"2013-01-29 07:48:22,853",LMPI Parallel Query Test Suite,xQuery Test by :cs_q607_sort_para,1,RUN,Execute Query,ST-0.9-[Execute Query],206572,1000,0,4.840927134,0,206.572,206.5394982,25.67211135,83.788681,431.842041
"2013-01-29 07:48:22,853",LMPI Parallel Query Test Suite,xQuery Test by :cs_q607_sort_para,1,RUN,Execute Query,ST-0.8-[Execute Query],206970,1000,0,4.831618109,0,206.97,206.9132757,25.34776322,109.574144,454.359465
"2013-01-29 07:48:22,853",LMPI Parallel Query Test Suite,xQuery Test by :cs_q607_sort_para,1,RUN,Execute Query,ST-0.3-[Execute Query],207156,1000,0,4.827279924,0,207.156,207.1048884,25.26429815,84.295595,467.497944
"2013-01-29 07:48:22,853",LMPI Parallel Query Test Suite,xQuery Test by :cs_q607_sort_para,1,RUN,Execute Query,ST-0.1-[Execute Query],207295,1000,0,4.82404303,0,207.295,207.2384701,25.27603949,91.463783,428.853659
"2013-01-29 07:48:22,853",LMPI Parallel Query Test Suite,xQuery Test by :cs_q607_sort_para,1,RUN,Execute Query,ST-0.0-[Execute Query],207425,1000,0,4.821019646,0,207.425,207.3509362,26.0900343,86.029164,446.857398
"2013-01-29 07:48:22,854",LMPI Parallel Query Test Suite,xQuery Test by :cs_q607_sort_para,1,RUN,Execute Query,ST-0.2-[Execute Query],207431,1000,0,4.820880196,0,207.431,207.396828,25.48639101,87.010982,457.011719
"2013-01-29 07:48:22,854",LMPI Parallel Query Test Suite,xQuery Test by :cs_q607_sort_para,1,RUN,Execute Query,ST-0.7-[Execute Query],207439,1000,0,4.820694276,0,207.439,207.4059284,26.04714429,98.829733,438.540298
"2013-01-29 07:48:22,854",LMPI Parallel Query Test Suite,xQuery Test by :cs_q607_sort_para,1,RUN,Execute Query,ST-0.5-[Execute Query],207512,1000,0,4.818998419,0,207.512,207.4771002,25.6912684,78.218446,440.163304
"2013-01-29 07:48:22,854",LMPI Parallel Query Test Suite,xQuery Test by :cs_q607_sort_para,1,RUN,Execute Query,ST-0.6-[Execute Query],207604,1000,0,4.816862874,0,207.604,207.5414786,25.92952982,53.535158,394.88412
"2013-01-29 07:48:22,854",LMPI Parallel Query Test Suite,xQuery Test by :cs_q607_sort_para,1,RUN,Execute Query,ST-0.4-[Execute Query],207714,1000,0,4.814311987,0,207.714,207.677401,27.71214781,45.185606,381.055963
"2013-01-30 04:07:49,856",Suite,Test,# Threads,Phase,Action,Thread,Duration (ms),# Executions,# Deadlocks,Executions/s,Deadlocks/s,Avg Exec Time (ms),Avg Resp Time (ms),StdDev Resp Time (ms),Min Resp Time (ms),Max Resp Time (ms)
"2013-01-30 04:07:49,856",LMPI Parallel Query Test Suite,xQuery Test by :cs_q507,10,WARMUP,Execute Query,Aggregated,98317,10000,0,101.7118098,0,90.1214,90.11417159,0,64.665795,453.535024
"2013-01-30 04:07:49,856",LMPI Parallel Query Test Suite,xQuery Test by :cs_q507,1,WARMUP,Execute Query,ST-0.1-[Execute Query],82533,1000,0,12.11636557,0,82.533,82.52657095,25.42760256,67.032104,372.506435
"2013-01-30 04:07:49,856",LMPI Parallel Query Test Suite,xQuery Test by :cs_q507,1,WARMUP,Execute Query,ST-0.5-[Execute Query],83888,1000,0,11.92065611,0,83.888,83.88080042,26.94040677,67.360874,371.285242
"2013-01-30 04:07:49,856",LMPI Parallel Query Test Suite,xQuery Test by :cs_q507,1,WARMUP,Execute Query,ST-0.6-[Execute Query],84243,1000,0,11.87042247,0,84.243,84.23537026,27.26540913,66.915422,453.535024
"2013-01-30 04:07:49,856",LMPI Parallel Query Test Suite,xQuery Test by :cs_q507,1,WARMUP,Execute Query,ST-0.2-[Execute Query],87240,1000,0,11.46263182,0,87.24,87.23232244,29.78734306,68.151374,449.199628
"2013-01-30 04:07:49,856",LMPI Parallel Query Test Suite,xQuery Test by :cs_q507,1,WARMUP,Execute Query,ST-0.9-[Execute Query],91244,1000,0,10.95962474,0,91.244,91.23674179,31.63982185,67.887452,396.309247
"2013-01-30 04:07:49,856",LMPI Parallel Query Test Suite,xQuery Test by :cs_q507,1,WARMUP,Execute Query,ST-0.3-[Execute Query],91289,1000,0,10.9542223,0,91.289,91.28253409,30.80785847,67.19325,378.463913
"2013-01-30 04:07:49,856",LMPI Parallel Query Test Suite,xQuery Test by :cs_q507,1,WARMUP,Execute Query,ST-0.7-[Execute Query],92805,1000,0,10.7752815,0,92.805,92.79816411,32.21477461,65.814562,371.430338
"2013-01-30 04:07:49,856",LMPI Parallel Query Test Suite,xQuery Test by :cs_q507,1,WARMUP,Execute Query,ST-0.4-[Execute Query],94552,1000,0,10.57619088,0,94.552,94.54430539,32.26817919,64.665795,371.740432
"2013-01-30 04:07:49,856",LMPI Parallel Query Test Suite,xQuery Test by :cs_q507,1,WARMUP,Execute Query,ST-0.8-[Execute Query],95104,1000,0,10.51480485,0,95.104,95.09643571,33.01080041,66.235147,373.931997
"2013-01-30 04:07:49,856",LMPI Parallel Query Test Suite,xQuery Test by :cs_q507,1,WARMUP,Execute Query,ST-0.0-[Execute Query],98316,1000,0,10.17128443,0,98.316,98.30847074,34.68710655,64.92684,372.668591
"2013-01-30 04:09:32,453",LMPI Parallel Query Test Suite,xQuery Test by :cs_q507,10,RUN,Execute Query,Aggregated,97616,10000,0,102.4422226,0,89.6163,89.61068011,0,62.358239,297.36667
"2013-01-30 04:09:32,453",LMPI Parallel Query Test Suite,xQuery Test by :cs_q507,1,RUN,Execute Query,ST-0.2-[Execute Query],80793,1000,0,12.37730992,0,80.793,80.7876295,20.57274012,68.28591,297.364389
"2013-01-30 04:09:32,453",LMPI Parallel Query Test Suite,xQuery Test by :cs_q507,1,RUN,Execute Query,ST-0.1-[Execute Query],86730,1000,0,11.53003574,0,86.73,86.72431832,29.01771091,65.393633,289.406175
"2013-01-30 04:09:32,453",LMPI Parallel Query Test Suite,xQuery Test by :cs_q507,1,RUN,Execute Query,ST-0.0-[Execute Query],87138,1000,0,11.47604948,0,87.138,87.1327148,26.45033162,66.96776,297.36667
"2013-01-30 04:09:32,453",LMPI Parallel Query Test Suite,xQuery Test by :cs_q507,1,RUN,Execute Query,ST-0.7-[Execute Query],87221,1000,0,11.46512881,0,87.221,87.21511111,28.36600982,66.60266,283.847082
"2013-01-30 04:09:32,453",LMPI Parallel Query Test Suite,xQuery Test by :cs_q507,1,RUN,Execute Query,ST-0.3-[Execute Query],87259,1000,0,11.46013592,0,87.259,87.25328529,28.70866839,66.502488,292.219608
"2013-01-30 04:09:32,453",LMPI Parallel Query Test Suite,xQuery Test by :cs_q507,1,RUN,Execute Query,ST-0.4-[Execute Query],91531,1000,0,10.92526029,0,91.531,91.52511848,31.38570075,65.142969,285.669558
"2013-01-30 04:09:32,453",LMPI Parallel Query Test Suite,xQuery Test by :cs_q507,1,RUN,Execute Query,ST-0.5-[Execute Query],91668,1000,0,10.90893223,0,91.668,91.66280904,30.42565508,66.012114,225.177793
"2013-01-30 04:09:32,453",LMPI Parallel Query Test Suite,xQuery Test by :cs_q507,1,RUN,Execute Query,ST-0.6-[Execute Query],92387,1000,0,10.82403368,0,92.387,92.3815496,30.28966435,63.982288,225.177928
"2013-01-30 04:09:32,453",LMPI Parallel Query Test Suite,xQuery Test by :cs_q507,1,RUN,Execute Query,ST-0.8-[Execute Query],93821,1000,0,10.65859456,0,93.821,93.81512435,29.87252073,65.975445,225.741343
"2013-01-30 04:09:32,453",LMPI Parallel Query Test Suite,xQuery Test by :cs_q507,1,RUN,Execute Query,ST-0.9-[Execute Query],97615,1000,0,10.2443272,0,97.615,97.60914065,32.10018448,62.358239,227.671939
,,,,,,,,,,,,,,,,
"2013-01-29 07:53:03,327",Suite,Test,# Threads,Phase,Action,Thread,Duration (ms),# Executions,# Deadlocks,Executions/s,Deadlocks/s,Avg Exec Time (ms),Avg Resp Time (ms),StdDev Resp Time (ms),Min Resp Time (ms),Max Resp Time (ms)
"2013-01-29 07:53:03,327",LMPI Parallel Query Test Suite,xQuery Test by :cs_q612_sort_para,10,WARMUP,Execute Query,Aggregated,273898,10000,0,36.50994166,0,273.6118,273.5292081,0,77.990104,1929.994027
"2013-01-29 07:53:03,327",LMPI Parallel Query Test Suite,xQuery Test by :cs_q612_sort_para,1,WARMUP,Execute Query,ST-0.8-[Execute Query],273000,1000,0,3.663003663,0,273,272.9218918,74.3994973,193.566683,1868.333275
"2013-01-29 07:53:03,327",LMPI Parallel Query Test Suite,xQuery Test by :cs_q612_sort_para,1,WARMUP,Execute Query,ST-0.7-[Execute Query],273257,1000,0,3.659558584,0,273.257,273.1583094,67.62839047,183.063693,1831.428615
"2013-01-29 07:53:03,327",LMPI Parallel Query Test Suite,xQuery Test by :cs_q612_sort_para,1,WARMUP,Execute Query,ST-0.2-[Execute Query],273494,1000,0,3.656387343,0,273.494,273.3882705,72.6925555,187.52906,1918.314403
"2013-01-29 07:53:03,327",LMPI Parallel Query Test Suite,xQuery Test by :cs_q612_sort_para,1,WARMUP,Execute Query,ST-0.1-[Execute Query],273582,1000,0,3.655211235,0,273.582,273.4972681,74.24161358,129.863332,1853.431162
"2013-01-29 07:53:03,327",LMPI Parallel Query Test Suite,xQuery Test by :cs_q612_sort_para,1,WARMUP,Execute Query,ST-0.3-[Execute Query],273706,1000,0,3.653555275,0,273.706,273.6526259,59.61553462,179.538738,1494.828495
"2013-01-29 07:53:03,327",LMPI Parallel Query Test Suite,xQuery Test by :cs_q612_sort_para,1,WARMUP,Execute Query,ST-0.0-[Execute Query],273755,1000,0,3.652901317,0,273.755,273.6469755,70.15839165,163.572759,1898.964185
"2013-01-29 07:53:03,327",LMPI Parallel Query Test Suite,xQuery Test by :cs_q612_sort_para,1,WARMUP,Execute Query,ST-0.4-[Execute Query],273781,1000,0,3.652554414,0,273.781,273.7157012,67.70168514,159.579288,1734.056782
"2013-01-29 07:53:03,328",LMPI Parallel Query Test Suite,xQuery Test by :cs_q612_sort_para,1,WARMUP,Execute Query,ST-0.5-[Execute Query],273791,1000,0,3.652421007,0,273.791,273.7322365,60.84638891,128.642455,1492.570881
"2013-01-29 07:53:03,328",LMPI Parallel Query Test Suite,xQuery Test by :cs_q612_sort_para,1,WARMUP,Execute Query,ST-0.6-[Execute Query],273855,1000,0,3.651567435,0,273.855,273.7760429,70.22916965,77.990104,1929.994027
"2013-01-29 07:53:03,328",LMPI Parallel Query Test Suite,xQuery Test by :cs_q612_sort_para,1,WARMUP,Execute Query,ST-0.9-[Execute Query],273897,1000,0,3.651007496,0,273.897,273.8027592,63.35572443,87.686662,1612.541066
"2013-01-29 07:57:42,954",LMPI Parallel Query Test Suite,xQuery Test by :cs_q612_sort_para,10,RUN,Execute Query,Aggregated,275874,10000,0,36.24843226,0,275.497,275.4184559,0,88.718878,542.331569
"2013-01-29 07:57:42,954",LMPI Parallel Query Test Suite,xQuery Test by :cs_q612_sort_para,1,RUN,Execute Query,ST-0.1-[Execute Query],274646,1000,0,3.641050662,0,274.646,274.5707755,25.082773,111.244604,447.202952
"2013-01-29 07:57:42,954",LMPI Parallel Query Test Suite,xQuery Test by :cs_q612_sort_para,1,RUN,Execute Query,ST-0.4-[Execute Query],275261,1000,0,3.632915669,0,275.261,275.1872909,24.47927356,169.448897,493.275514
"2013-01-29 07:57:42,954",LMPI Parallel Query Test Suite,xQuery Test by :cs_q612_sort_para,1,RUN,Execute Query,ST-0.6-[Execute Query],275442,1000,0,3.630528387,0,275.442,275.3929383,25.17346423,190.344539,494.456279
"2013-01-29 07:57:42,954",LMPI Parallel Query Test Suite,xQuery Test by :cs_q612_sort_para,1,RUN,Execute Query,ST-0.2-[Execute Query],275503,1000,0,3.62972454,0,275.503,275.430191,24.78327944,101.774106,477.746244
"2013-01-29 07:57:42,954",LMPI Parallel Query Test Suite,xQuery Test by :cs_q612_sort_para,1,RUN,Execute Query,ST-0.5-[Execute Query],275510,1000,0,3.629632318,0,275.51,275.4516318,24.13715792,183.023388,523.052079
"2013-01-29 07:57:42,954",LMPI Parallel Query Test Suite,xQuery Test by :cs_q612_sort_para,1,RUN,Execute Query,ST-0.3-[Execute Query],275589,1000,0,3.628591852,0,275.589,275.5174239,26.02930508,120.152154,522.771502
"2013-01-29 07:57:42,954",LMPI Parallel Query Test Suite,xQuery Test by :cs_q612_sort_para,1,RUN,Execute Query,ST-0.9-[Execute Query],275652,1000,0,3.627762541,0,275.652,275.5738996,26.00451754,106.608299,501.28648
"2013-01-29 07:57:42,955",LMPI Parallel Query Test Suite,xQuery Test by :cs_q612_sort_para,1,RUN,Execute Query,ST-0.8-[Execute Query],275713,1000,0,3.626959918,0,275.713,275.5976799,26.22799598,88.852953,542.331569
"2013-01-29 07:57:42,955",LMPI Parallel Query Test Suite,xQuery Test by :cs_q612_sort_para,1,RUN,Execute Query,ST-0.7-[Execute Query],275780,1000,0,3.626078758,0,275.78,275.664211,27.33228383,88.718878,536.731587
"2013-01-29 07:57:42,955",LMPI Parallel Query Test Suite,xQuery Test by :cs_q612_sort_para,1,RUN,Execute Query,ST-0.0-[Execute Query],275874,1000,0,3.624843226,0,275.874,275.7985171,26.98869154,92.581154,542.131125
"2013-01-30 04:12:42,277",Suite,Test,# Threads,Phase,Action,Thread,Duration (ms),# Executions,# Deadlocks,Executions/s,Deadlocks/s,Avg Exec Time (ms),Avg Resp Time (ms),StdDev Resp Time (ms),Min Resp Time (ms),Max Resp Time (ms)
"2013-01-30 04:12:42,277",LMPI Parallel Query Test Suite,xQuery Test by :cs_q512,10,WARMUP,Execute Query,Aggregated,183211,10000,0,54.58187554,0,171.8667,171.8599034,0,117.106043,917.747337
"2013-01-30 04:12:42,277",LMPI Parallel Query Test Suite,xQuery Test by :cs_q512,1,WARMUP,Execute Query,ST-0.8-[Execute Query],163552,1000,0,6.114263354,0,163.552,163.5453746,57.29596698,124.48433,917.747337
"2013-01-30 04:12:42,277",LMPI Parallel Query Test Suite,xQuery Test by :cs_q512,1,WARMUP,Execute Query,ST-0.1-[Execute Query],166301,1000,0,6.013192945,0,166.301,166.2939233,61.25791618,125.116749,915.463684
"2013-01-30 04:12:42,277",LMPI Parallel Query Test Suite,xQuery Test by :cs_q512,1,WARMUP,Execute Query,ST-0.0-[Execute Query],166515,1000,0,6.005464973,0,166.515,166.5086397,55.88010848,128.797583,914.599677
"2013-01-30 04:12:42,277",LMPI Parallel Query Test Suite,xQuery Test by :cs_q512,1,WARMUP,Execute Query,ST-0.3-[Execute Query],168722,1000,0,5.926909354,0,168.722,168.7156291,59.75722571,123.907047,915.664317
"2013-01-30 04:12:42,277",LMPI Parallel Query Test Suite,xQuery Test by :cs_q512,1,WARMUP,Execute Query,ST-0.2-[Execute Query],169389,1000,0,5.90357107,0,169.389,169.3823459,58.01507982,129.185536,916.374053
"2013-01-30 04:12:42,277",LMPI Parallel Query Test Suite,xQuery Test by :cs_q512,1,WARMUP,Execute Query,ST-0.9-[Execute Query],170042,1000,0,5.880900013,0,170.042,170.0334104,58.54390241,129.49042,916.818149
"2013-01-30 04:12:42,277",LMPI Parallel Query Test Suite,xQuery Test by :cs_q512,1,WARMUP,Execute Query,ST-0.7-[Execute Query],174390,1000,0,5.734273754,0,174.39,174.3839003,63.6601165,117.106043,917.741427
"2013-01-30 04:12:42,277",LMPI Parallel Query Test Suite,xQuery Test by :cs_q512,1,WARMUP,Execute Query,ST-0.6-[Execute Query],176752,1000,0,5.657644609,0,176.752,176.7452924,62.97784257,123.543612,916.855519
"2013-01-30 04:12:42,277",LMPI Parallel Query Test Suite,xQuery Test by :cs_q512,1,WARMUP,Execute Query,ST-0.5-[Execute Query],179794,1000,0,5.561920865,0,179.794,179.7874492,63.75623247,123.247183,916.633857
"2013-01-30 04:12:42,277",LMPI Parallel Query Test Suite,xQuery Test by :cs_q512,1,WARMUP,Execute Query,ST-0.4-[Execute Query],183210,1000,0,5.458217346,0,183.21,183.2030687,64.95036324,118.16754,915.611615
"2013-01-30 04:15:43,520",LMPI Parallel Query Test Suite,xQuery Test by :cs_q512,10,RUN,Execute Query,Aggregated,178047,10000,0,56.16494521,0,167.3778,167.3711074,0,117.971843,703.560967
"2013-01-30 04:15:43,520",LMPI Parallel Query Test Suite,xQuery Test by :cs_q512,1,RUN,Execute Query,ST-0.7-[Execute Query],150285,1000,0,6.654024021,0,150.285,150.2789754,35.76957012,127.002309,345.941658
"2013-01-30 04:15:43,520",LMPI Parallel Query Test Suite,xQuery Test by :cs_q512,1,RUN,Execute Query,ST-0.4-[Execute Query],158795,1000,0,6.297427501,0,158.795,158.7885828,51.48414179,124.109938,345.944595
"2013-01-30 04:15:43,520",LMPI Parallel Query Test Suite,xQuery Test by :cs_q512,1,RUN,Execute Query,ST-0.3-[Execute Query],160221,1000,0,6.241379095,0,160.221,160.2148392,51.36375733,124.439736,392.158378
"2013-01-30 04:15:43,520",LMPI Parallel Query Test Suite,xQuery Test by :cs_q512,1,RUN,Execute Query,ST-0.8-[Execute Query],162541,1000,0,6.152293883,0,162.541,162.5337518,52.76790704,124.549602,347.564935
"2013-01-30 04:15:43,520",LMPI Parallel Query Test Suite,xQuery Test by :cs_q512,1,RUN,Execute Query,ST-0.0-[Execute Query],166054,1000,0,6.022137377,0,166.054,166.0472947,54.88657084,123.285624,703.560967
"2013-01-30 04:15:43,520",LMPI Parallel Query Test Suite,xQuery Test by :cs_q512,1,RUN,Execute Query,ST-0.1-[Execute Query],170203,1000,0,5.875337097,0,170.203,170.1960684,57.35944306,119.462747,570.334193
"2013-01-30 04:15:43,520",LMPI Parallel Query Test Suite,xQuery Test by :cs_q512,1,RUN,Execute Query,ST-0.5-[Execute Query],173996,1000,0,5.747258558,0,173.996,173.9889425,59.88604167,119.6292,429.847192
"2013-01-30 04:15:43,520",LMPI Parallel Query Test Suite,xQuery Test by :cs_q512,1,RUN,Execute Query,ST-0.6-[Execute Query],176076,1000,0,5.679365728,0,176.076,176.068826,58.20302465,118.032174,423.698644
"2013-01-30 04:15:43,520",LMPI Parallel Query Test Suite,xQuery Test by :cs_q512,1,RUN,Execute Query,ST-0.2-[Execute Query],177560,1000,0,5.631899076,0,177.56,177.5538582,60.04319805,120.924828,692.213065
"2013-01-30 04:15:43,520",LMPI Parallel Query Test Suite,xQuery Test by :cs_q512,1,RUN,Execute Query,ST-0.9-[Execute Query],178047,1000,0,5.616494521,0,178.047,178.0399355,58.82667774,117.971843,429.045609
,,,,,,,,,,,,,,,,
"2013-01-29 08:02:53,475",Suite,Test,# Threads,Phase,Action,Thread,Duration (ms),# Executions,# Deadlocks,Executions/s,Deadlocks/s,Avg Exec Time (ms),Avg Resp Time (ms),StdDev Resp Time (ms),Min Resp Time (ms),Max Resp Time (ms)
"2013-01-29 08:02:53,475",LMPI Parallel Query Test Suite,xQuery Test by :cs_q613_sort_para,10,WARMUP,Execute Query,Aggregated,305536,10000,0,32.72936741,0,305.179,305.1206675,0,103.164396,759.165143
"2013-01-29 08:02:53,475",LMPI Parallel Query Test Suite,xQuery Test by :cs_q613_sort_para,1,WARMUP,Execute Query,ST-0.3-[Execute Query],304261,1000,0,3.286651921,0,304.261,304.2027857,27.63562157,228.969147,683.974116
"2013-01-29 08:02:53,475",LMPI Parallel Query Test Suite,xQuery Test by :cs_q613_sort_para,1,WARMUP,Execute Query,ST-0.6-[Execute Query],304578,1000,0,3.283231225,0,304.578,304.5103353,27.1363736,250.056741,727.537129
"2013-01-29 08:02:53,475",LMPI Parallel Query Test Suite,xQuery Test by :cs_q613_sort_para,1,WARMUP,Execute Query,ST-0.4-[Execute Query],305197,1000,0,3.276572181,0,305.197,305.1356792,28.28695159,238.627099,759.165143
"2013-01-29 08:02:53,476",LMPI Parallel Query Test Suite,xQuery Test by :cs_q613_sort_para,1,WARMUP,Execute Query,ST-0.7-[Execute Query],305205,1000,0,3.276486296,0,305.205,305.1364494,27.81521964,219.722188,748.530004
"2013-01-29 08:02:53,476",LMPI Parallel Query Test Suite,xQuery Test by :cs_q613_sort_para,1,WARMUP,Execute Query,ST-0.5-[Execute Query],305323,1000,0,3.275220013,0,305.323,305.2741914,28.52196328,203.963472,734.775482
"2013-01-29 08:02:53,476",LMPI Parallel Query Test Suite,xQuery Test by :cs_q613_sort_para,1,WARMUP,Execute Query,ST-0.9-[Execute Query],305348,1000,0,3.274951858,0,305.348,305.2921515,27.6283757,194.916955,685.983469
"2013-01-29 08:02:53,476",LMPI Parallel Query Test Suite,xQuery Test by :cs_q613_sort_para,1,WARMUP,Execute Query,ST-0.1-[Execute Query],305350,1000,0,3.274930408,0,305.35,305.2903664,27.33926664,195.839884,730.765107
"2013-01-29 08:02:53,476",LMPI Parallel Query Test Suite,xQuery Test by :cs_q613_sort_para,1,WARMUP,Execute Query,ST-0.2-[Execute Query],305460,1000,0,3.273751064,0,305.46,305.3944893,28.36424995,103.164396,685.026485
"2013-01-29 08:02:53,476",LMPI Parallel Query Test Suite,xQuery Test by :cs_q613_sort_para,1,WARMUP,Execute Query,ST-0.0-[Execute Query],305533,1000,0,3.272968877,0,305.533,305.4851262,29.25618522,111.220022,751.018323
"2013-01-29 08:02:53,476",LMPI Parallel Query Test Suite,xQuery Test by :cs_q613_sort_para,1,WARMUP,Execute Query,ST-0.8-[Execute Query],305535,1000,0,3.272947453,0,305.535,305.4851009,29.4864986,108.330861,750.213308
"2013-01-29 08:07:57,593",LMPI Parallel Query Test Suite,xQuery Test by :cs_q613_sort_para,10,RUN,Execute Query,Aggregated,300726,10000,0,33.25286141,0,300.2305,300.1700946,0,81.718969,530.004772
"2013-01-29 08:07:57,593",LMPI Parallel Query Test Suite,xQuery Test by :cs_q613_sort_para,1,RUN,Execute Query,ST-0.2-[Execute Query],299094,1000,0,3.343430493,0,299.094,299.0619159,22.98129807,182.290566,518.654436
"2013-01-29 08:07:57,593",LMPI Parallel Query Test Suite,xQuery Test by :cs_q613_sort_para,1,RUN,Execute Query,ST-0.9-[Execute Query],300058,1000,0,3.332689013,0,300.058,299.98721,23.21985818,229.325406,491.312517
"2013-01-29 08:07:57,593",LMPI Parallel Query Test Suite,xQuery Test by :cs_q613_sort_para,1,RUN,Execute Query,ST-0.5-[Execute Query],300115,1000,0,3.332056045,0,300.115,300.0462692,23.07574391,181.250069,512.997683
"2013-01-29 08:07:57,593",LMPI Parallel Query Test Suite,xQuery Test by :cs_q613_sort_para,1,RUN,Execute Query,ST-0.6-[Execute Query],300281,1000,0,3.330214033,0,300.281,300.2264293,23.87926679,218.226118,524.228967
"2013-01-29 08:07:57,593",LMPI Parallel Query Test Suite,xQuery Test by :cs_q613_sort_para,1,RUN,Execute Query,ST-0.7-[Execute Query],300327,1000,0,3.329703956,0,300.327,300.2657333,23.31268263,206.275218,530.004772
"2013-01-29 08:07:57,593",LMPI Parallel Query Test Suite,xQuery Test by :cs_q613_sort_para,1,RUN,Execute Query,ST-0.4-[Execute Query],300371,1000,0,3.329216203,0,300.371,300.3196245,22.70036013,159.043568,502.784275
"2013-01-29 08:07:57,594",LMPI Parallel Query Test Suite,xQuery Test by :cs_q613_sort_para,1,RUN,Execute Query,ST-0.3-[Execute Query],300424,1000,0,3.328628871,0,300.424,300.3752921,24.08129851,140.794459,522.148112
"2013-01-29 08:07:57,594",LMPI Parallel Query Test Suite,xQuery Test by :cs_q613_sort_para,1,RUN,Execute Query,ST-0.1-[Execute Query],300444,1000,0,3.328407291,0,300.444,300.356125,23.65765122,131.852401,508.904082
"2013-01-29 08:07:57,594",LMPI Parallel Query Test Suite,xQuery Test by :cs_q613_sort_para,1,RUN,Execute Query,ST-0.0-[Execute Query],300465,1000,0,3.328174663,0,300.465,300.3945878,25.10339813,113.020002,510.427649
"2013-01-29 08:07:57,594",LMPI Parallel Query Test Suite,xQuery Test by :cs_q613_sort_para,1,RUN,Execute Query,ST-0.8-[Execute Query],300726,1000,0,3.325286141,0,300.726,300.667759,27.75428196,81.718969,521.435424
"2013-01-30 04:18:49,544",Suite,Test,# Threads,Phase,Action,Thread,Duration (ms),# Executions,# Deadlocks,Executions/s,Deadlocks/s,Avg Exec Time (ms),Avg Resp Time (ms),StdDev Resp Time (ms),Min Resp Time (ms),Max Resp Time (ms)
"2013-01-30 04:18:49,544",LMPI Parallel Query Test Suite,xQuery Test by :cs_q513,10,WARMUP,Execute Query,Aggregated,180703,10000,0,55.33942436,0,161.6788,161.6724255,0,117.134254,827.580204
"2013-01-30 04:18:49,544",LMPI Parallel Query Test Suite,xQuery Test by :cs_q513,1,WARMUP,Execute Query,ST-0.7-[Execute Query],148320,1000,0,6.742179072,0,148.32,148.3133523,43.64170854,128.91419,763.490161
"2013-01-30 04:18:49,544",LMPI Parallel Query Test Suite,xQuery Test by :cs_q513,1,WARMUP,Execute Query,ST-0.8-[Execute Query],150474,1000,0,6.645666361,0,150.474,150.4684357,47.95023443,122.716035,662.396142
"2013-01-30 04:18:49,544",LMPI Parallel Query Test Suite,xQuery Test by :cs_q513,1,WARMUP,Execute Query,ST-0.4-[Execute Query],150919,1000,0,6.626070939,0,150.919,150.9117029,46.20424093,126.18479,827.580204
"2013-01-30 04:18:49,544",LMPI Parallel Query Test Suite,xQuery Test by :cs_q513,1,WARMUP,Execute Query,ST-0.6-[Execute Query],151767,1000,0,6.589047685,0,151.767,151.7607699,52.30128963,122.728489,825.111573
"2013-01-30 04:18:49,544",LMPI Parallel Query Test Suite,xQuery Test by :cs_q513,1,WARMUP,Execute Query,ST-0.5-[Execute Query],156045,1000,0,6.408407831,0,156.045,156.0390891,53.59811607,122.894401,826.513368
"2013-01-30 04:18:49,544",LMPI Parallel Query Test Suite,xQuery Test by :cs_q513,1,WARMUP,Execute Query,ST-0.3-[Execute Query],157749,1000,0,6.339184401,0,157.749,157.7421285,53.5472306,123.849058,812.834526
"2013-01-30 04:18:49,544",LMPI Parallel Query Test Suite,xQuery Test by :cs_q513,1,WARMUP,Execute Query,ST-0.1-[Execute Query],172262,1000,0,5.80511082,0,172.262,172.2555813,60.89886757,123.106983,663.27773
"2013-01-30 04:18:49,544",LMPI Parallel Query Test Suite,xQuery Test by :cs_q513,1,WARMUP,Execute Query,ST-0.9-[Execute Query],173627,1000,0,5.759472893,0,173.627,173.6215036,64.25294969,119.539165,826.114487
"2013-01-30 04:18:49,544",LMPI Parallel Query Test Suite,xQuery Test by :cs_q513,1,WARMUP,Execute Query,ST-0.2-[Execute Query],174924,1000,0,5.716768425,0,174.924,174.9167117,62.81307349,117.134254,687.970879
"2013-01-30 04:18:49,544",LMPI Parallel Query Test Suite,xQuery Test by :cs_q513,1,WARMUP,Execute Query,ST-0.0-[Execute Query],180701,1000,0,5.534003686,0,180.701,180.6949799,65.46267398,118.041189,663.990827
"2013-01-30 04:21:45,729",LMPI Parallel Query Test Suite,xQuery Test by :cs_q513,10,RUN,Execute Query,Aggregated,172503,10000,0,57.97000632,0,162.0794,162.0731061,0,117.340275,559.817984
"2013-01-30 04:21:45,729",LMPI Parallel Query Test Suite,xQuery Test by :cs_q513,1,RUN,Execute Query,ST-0.4-[Execute Query],150885,1000,0,6.627564039,0,150.885,150.8793835,46.47614853,122.657409,423.324432
"2013-01-30 04:21:45,729",LMPI Parallel Query Test Suite,xQuery Test by :cs_q513,1,RUN,Execute Query,ST-0.8-[Execute Query],152188,1000,0,6.570820301,0,152.188,152.1818881,48.04766542,123.778589,423.756382
"2013-01-30 04:21:45,729",LMPI Parallel Query Test Suite,xQuery Test by :cs_q513,1,RUN,Execute Query,ST-0.3-[Execute Query],155032,1000,0,6.450281232,0,155.032,155.0253668,48.11175388,126.49039,559.817984
"2013-01-30 04:21:45,729",LMPI Parallel Query Test Suite,xQuery Test by :cs_q513,1,RUN,Execute Query,ST-0.9-[Execute Query],159802,1000,0,6.257743958,0,159.802,159.7959697,54.44162589,123.411224,479.349974
"2013-01-30 04:21:45,729",LMPI Parallel Query Test Suite,xQuery Test by :cs_q513,1,RUN,Execute Query,ST-0.7-[Execute Query],160795,1000,0,6.219098853,0,160.795,160.789244,54.11193632,123.605385,479.333845
"2013-01-30 04:21:45,729",LMPI Parallel Query Test Suite,xQuery Test by :cs_q513,1,RUN,Execute Query,ST-0.2-[Execute Query],163110,1000,0,6.130831954,0,163.11,163.1031066,52.95297548,122.797837,423.742342
"2013-01-30 04:21:45,730",LMPI Parallel Query Test Suite,xQuery Test by :cs_q513,1,RUN,Execute Query,ST-0.6-[Execute Query],165668,1000,0,6.036168723,0,165.668,165.6619422,54.09116704,121.14216,381.52301
"2013-01-30 04:21:45,730",LMPI Parallel Query Test Suite,xQuery Test by :cs_q513,1,RUN,Execute Query,ST-0.0-[Execute Query],168952,1000,0,5.918840854,0,168.952,168.9454605,59.2411237,118.398341,558.548484
"2013-01-30 04:21:45,730",LMPI Parallel Query Test Suite,xQuery Test by :cs_q513,1,RUN,Execute Query,ST-0.5-[Execute Query],171859,1000,0,5.818723488,0,171.859,171.8524884,59.08283994,117.340275,469.049598
"2013-01-30 04:21:45,730",LMPI Parallel Query Test Suite,xQuery Test by :cs_q513,1,RUN,Execute Query,ST-0.1-[Execute Query],172503,1000,0,5.797000632,0,172.503,172.4962109,58.73323416,120.076958,469.032191
